city,postcode,latitude,longitude,total_score,scheme_references,nobroadband_rate,simd10,pc_type,ur_class
Inverness,IV2 6AQ,57.44607303,-4.21979656,17,MVS,3,8,small,2
Inverness,IV2 6BN,57.44575952,-4.22076086,17,MVS,3,8,small,2
Inverness,IV2 6FN,57.44669518,-4.22018427,17,MVS,0,8,small,2
Inverness,IV2 6FP,57.44773731,-4.21866409,17,MVS,0,8,small,2
Inverness,IV3 8DU,57.48755149,-4.24405458,24,MVS,0,1,small,2
Inverness,IV3 5LE,57.48210789,-4.24447129,22,MVS,4,3,small,2
Inverness,IV3 5LU,57.48130854,-4.24495607,22,MVS,4,3,small,2
Inverness,IV3 8EP,57.48560408,-4.24038133,24,MVS,0,1,small,2
Inverness,IV1 1DF,57.47915675,-4.22594083,24,MVS,9,1,small,2
Inverness,IV1 1EH,57.47893103,-4.22651093,24,MVS,9,1,small,2
Inverness,IV2 3PP,57.47908599,-4.22078204,24,MVS,9,1,small,2
Inverness,IV2 3FR,57.47614093,-4.19810227,22,MVS,12,3,small,2
Inverness,IV2 3UW,57.47420675,-4.19823624,22,MVS,12,3,small,2
Inverness,IV2 3UL,57.47514178,-4.19665786,22,MVS,12,3,small,2
Inverness,IV2 3UU,57.47592911,-4.20045805,19,MVS,54,6,small,2
Inverness,IV2 3YW,57.47560882,-4.19666922,22,MVS,12,3,small,2
Inverness,IV2 6RG,57.44508668,-4.23290268,16,MVS,0,9,small,2
Inverness,IV2 7FJ,57.48030293,-4.15374606,21,MVS,0,4,small,2
Inverness,IV2 7FL,57.48165019,-4.15272438,21,MVS,0,4,small,2
Inverness,IV2 7NH,57.47756208,-4.15692072,23,MVS,36,7,small,6
Inverness,IV2 5BG,57.4640527,-4.18068542,22,MVS,12,8,small,6
Inverness,IV2 3RJ,57.47292476,-4.1954907,22,MVS,12,3,small,2
Inverness,IV2 3UJ,57.47383055,-4.19249287,22,MVS,12,3,small,2
Inverness,IV3 5TD,57.46511343,-4.24362906,21,MVS,2,4,small,2
Inverness,IV3 8JL,57.46483275,-4.24526266,21,MVS,2,4,small,2
Inverness,IV3 8DZ,57.46219313,-4.2771975,18,MVS,86,7,small,2
Inverness,IV2 7HS,57.49459694,-4.10971456,15,MVS,68,10,small,2
Inverness,IV2 7HW,57.49368312,-4.11438434,20,MVS,68,10,small,6
Inverness,IV2 7JW,57.49242097,-4.11249249,15,MVS,68,10,small,2
Inverness,IV1 1HD,57.47734954,-4.22651475,24,MVS,9,1,small,2
Inverness,IV2 3EX,57.47628859,-4.22349784,20,MVS,0,5,small,2
Inverness,IV3 8DX,57.48721398,-4.23320534,24,MVS,0,1,small,2
Inverness,IV3 5PR,57.47772677,-4.22957358,21,MVS,6,4,small,2
Inverness,IV2 5WA,57.46634672,-4.16436377,23,MVS,0,2,small,2
Inverness,IV2 6GY,57.44845853,-4.17158997,18,MVS,6,7,small,2
Inverness,IV2 6HA,57.44745301,-4.17414699,16,MVS,1,9,small,2
Inverness,IV3 8AB,57.48810268,-4.23781471,24,MVS,0,1,small,2
Inverness,IV3 8AE,57.48860877,-4.23866328,24,MVS,0,1,small,2
Inverness,IV2 7AJ,57.48481835,-4.15871671,22,MVS,59,8,small,6
Inverness,IV2 7AL,57.48446117,-4.15806166,22,MVS,59,8,small,6
Inverness,IV2 7AN,57.48481112,-4.15651406,23,MVS,36,7,small,6
Inverness,IV2 7AP,57.48432313,-4.15510058,23,MVS,36,7,small,6
Inverness,IV2 7GD,57.48129845,-4.17739289,22,MVS,4,3,small,2
Inverness,IV2 7NS,57.48882226,-4.16677849,22,MVS,59,8,small,6
Inverness,IV2 7PA,57.48129122,-4.18559998,22,MVS,4,3,small,2
Inverness,IV2 4RW,57.45425045,-4.24461368,17,MVS,49,8,small,2
Inverness,IV2 4XE,57.45516173,-4.24440282,17,MVS,49,8,small,2
Inverness,IV2 4EG,57.45891383,-4.22230903,15,MVS,1,10,small,2
Inverness,IV1 1LU,57.48041659,-4.22685158,24,MVS,9,1,small,2
Inverness,IV1 1NH,57.48098442,-4.22573509,24,MVS,9,1,small,2
Inverness,IV1 1NQ,57.48121646,-4.22633309,24,MVS,9,1,small,2
Inverness,IV3 8RA,57.48767593,-4.25470738,18,MVS,26,7,small,2
Inverness,IV3 8RD,57.48903472,-4.25811165,18,MVS,26,7,small,2
Inverness,IV3 8JJ,57.46593986,-4.26023831,21,MVS,96,4,small,2
Inverness,IV3 8RY,57.46914438,-4.25891865,21,MVS,96,4,small,2
Inverness,IV3 8SZ,57.46580697,-4.25862927,21,MVS,96,4,small,2
Inverness,IV2 4JL,57.46032139,-4.21687586,24,MVS,4,1,small,2
Inverness,IV3 8XX,57.47431438,-4.26374124,20,MVS,48,5,small,2
Inverness,IV3 8NU,57.47338151,-4.26164871,20,MVS,48,5,small,2
Inverness,IV2 5AY,57.47078846,-4.14526443,17,MVS,42,8,small,2
Inverness,IV2 6ET,57.44803193,-4.21928195,17,MVS,0,8,small,2
Inverness,IV2 6FE,57.44901261,-4.21000763,22,MVS,23,8,small,6
Inverness,IV2 7AQ,57.48261757,-4.14816028,21,MVS,19,4,small,2
Inverness,IV2 5NQ,57.47484765,-4.16326547,18,MVS,36,7,small,2
Inverness,IV2 4QR,57.46071845,-4.23002139,20,MVS,6,5,small,2
Inverness,IV2 4RA,57.4578047,-4.24231419,20,MVS,6,5,small,2
Inverness,IV1 1FJ,57.49507131,-4.22484042,22,MVS,4,3,small,2
Inverness,IV1 1SG,57.48765854,-4.21411139,22,MVS,4,3,small,2
Inverness,IV1 1SU,57.49258868,-4.22906142,22,MVS,4,3,small,2
Inverness,IV3 8GD,57.47007044,-4.26539656,23,MVS,9,2,small,2
Inverness,IV3 8NN,57.47306736,-4.26613251,20,MVS,48,5,small,2
Inverness,IV3 5SJ,57.46892604,-4.23233929,21,MVS,2,4,small,2
Inverness,IV2 4HN,57.46111606,-4.21460645,24,MVS,4,1,small,2
Inverness,IV2 4AG,57.47236031,-4.22359267,18,MVS,1,7,small,2
Inverness,IV2 3TW,57.46865721,-4.19133242,17,MVS,0,8,small,2
Inverness,IV2 6AA,57.45415629,-4.21080151,17,MVS,0,8,small,2
Inverness,IV2 6BY,57.44778309,-4.20376671,17,MVS,23,8,small,2
Inverness,IV2 3BL,57.47325059,-4.18967283,22,MVS,12,3,small,2
Inverness,IV2 3BW,57.47247657,-4.18664115,22,MVS,12,3,small,2
Inverness,IV2 3SY,57.47072371,-4.19185642,17,MVS,0,8,large,2
Inverness,IV2 5GH,57.47288046,-4.17107124,18,MVS,12,7,small,2
Inverness,IV2 5NA,57.47738877,-4.18161378,23,MVS,36,7,small,6
Inverness,IV1 1LN,57.48420807,-4.21053243,22,MVS,4,3,large,2
Inverness,IV1 1NF,57.48421815,-4.22935202,22,MVS,4,3,small,2
Inverness,IV1 1RY,57.485608740000004,-4.22132829,22,MVS,4,3,small,2
Inverness,IV1 1SY,57.48470541,-4.2210899,22,MVS,4,3,small,2
Inverness,IV1 1TF,57.48400085,-4.22486761,22,MVS,4,3,small,2
Inverness,IV2 3XX,57.47804859,-4.20360473,19,MVS,54,6,small,2
Inverness,IV2 3TR,57.48280483,-4.19828588,22,MVS,4,3,small,2
Inverness,IV2 3QX,57.48235982,-4.20473196,22,MVS,4,3,small,2
Inverness,IV3 5PZ,57.47843492,-4.23423735,18,MVS,13,7,small,2
Inverness,IV2 6AR,57.45554851,-4.19128127,17,MVS,23,8,small,2
Inverness,IV2 4SF,57.47248777,-4.22756982,20,MVS,0,5,small,2
Edinburgh,EH8 8DU,55.95270132,-3.17360214,17,MVS,5,3,small,1
Edinburgh,EH8 8DX,55.95272281,-3.17228955,16,MVS,21,4,small,1
Edinburgh,EH8 8DY,55.95357142,-3.17470151,17,MVS,5,3,small,1
Edinburgh,EH8 8DZ,55.95379492,-3.17482039,16,MVS,10,4,small,1
Edinburgh,EH8 8EA,55.95442573,-3.17368635,16,MVS,21,4,small,1
Edinburgh,EH8 8HY,55.95510915,-3.1603496,15,MVS,0,5,small,1
Edinburgh,EH8 8EW,55.95477979,-3.16668207,15,MVS,0,5,small,1
Edinburgh,EH8 8EB,55.95510662,-3.17200925,16,MVS,21,4,small,1
Edinburgh,EH6 6ET,55.97598561,-3.17422715,15,MVS,2,5,small,1
Edinburgh,EH6 6JD,55.97708363,-3.17498156,18,MVS,0,2,small,1
Edinburgh,EH6 6DJ,55.97389295,-3.17224087,18,MVS,0,2,small,1
Edinburgh,EH6 6PW,55.97531385,-3.16738037,15,MVS,0,5,small,1
Edinburgh,EH6 6AA,55.97106533,-3.17194705,18,MVS,0,2,small,1
Edinburgh,EH6 6BH,55.98044259,-3.17514754,16,MVS,2,4,small,1
Edinburgh,EH6 5HG,55.9708215,-3.1758492,17,MVS,0,3,small,1
Edinburgh,EH6 5JU,55.97243689,-3.17887854,18,MVS,0,2,small,1
Edinburgh,EH6 5JX,55.97250181,-3.17772684,18,MVS,0,2,small,1
Edinburgh,EH6 5RX,55.97225749,-3.17696632,18,MVS,0,2,small,1
Edinburgh,EH6 5PQ,55.97262969,-3.18032651,18,MVS,0,2,small,1
Edinburgh,EH6 5AL,55.9648786,-3.17997835,16,MVS,0,4,small,1
Edinburgh,EH6 5FA,55.97229772,-3.1812137,18,MVS,0,2,small,1
Edinburgh,EH1 3EP,55.95627394,-3.191761,15,MVS,6,5,small,1
Edinburgh,EH2 2AA,55.95369743,-3.19059276,15,MVS,9,5,small,1
Edinburgh,EH2 2AD,55.95487929,-3.19195838,15,MVS,9,5,small,1
Edinburgh,EH2 2AN,55.95321654,-3.19107448,15,MVS,9,5,small,1
Edinburgh,EH2 2AU,55.9534662,-3.19127433,15,MVS,9,5,small,1
Edinburgh,EH1 3AA,55.9569749,-3.18523162,15,MVS,6,5,small,1
Edinburgh,EH1 3AF,55.95748456,-3.18455846,15,MVS,6,5,small,1
Edinburgh,EH1 3AJ,55.95658781,-3.1843709,15,MVS,6,5,small,1
Edinburgh,EH1 3AL,55.95695221,-3.18385347,15,MVS,6,5,small,1
Edinburgh,EH1 3AN,55.95505713,-3.18656641,15,MVS,6,5,large,1
Edinburgh,EH1 3AT,55.95405822,-3.18765695,15,MVS,6,5,small,1
Edinburgh,EH1 3AU,55.95614852,-3.18613532,15,MVS,6,5,small,1
Edinburgh,EH1 3AY,55.95474392,-3.19016043,15,MVS,6,5,small,1
Edinburgh,EH1 3BJ,55.95451488,-3.18595723,15,MVS,6,5,small,1
Edinburgh,EH1 3BQ,55.95410306,-3.18580049,15,MVS,6,5,small,1
Edinburgh,EH1 3DQ,55.95517464,-3.19115063,15,MVS,6,5,small,1
Edinburgh,EH1 3DX,55.95573513,-3.19079947,15,MVS,6,5,small,1
Edinburgh,EH1 3EB,55.95579693,-3.19184244,15,MVS,6,5,small,1
Edinburgh,EH1 3EN,55.95593151,-3.19093364,15,MVS,6,5,large,1
Edinburgh,EH1 3HP,55.95614012,-3.18980287,15,MVS,6,5,small,1
Edinburgh,EH1 3JD,55.9563693,-3.18840043,15,MVS,6,5,small,1
Edinburgh,EH1 3SP,55.95519842,-3.18775593,15,MVS,6,5,large,1
Edinburgh,EH1 3YT,55.95420448,-3.19019192,15,MVS,6,5,large,1
Edinburgh,EH6 8LY,55.96872675,-3.1721967700000002,16,MVS,0,4,small,1
Edinburgh,EH6 8LN,55.9702313,-3.17177763,17,MVS,0,3,small,1
Edinburgh,EH6 7AN,55.97293459,-3.16147615,16,MVS,2,4,small,1
Edinburgh,EH6 7GB,55.97324642,-3.15985109,16,MVS,2,4,small,1
Edinburgh,EH6 7GG,55.97338947,-3.16088089,16,MVS,2,4,small,1
Edinburgh,EH6 7JJ,55.97280445,-3.16193693,16,MVS,2,4,small,1
Edinburgh,EH6 7DP,55.97485835,-3.15373,16,MVS,2,4,small,1
Edinburgh,EH6 7DR,55.9839939,-3.16926078,16,MVS,2,4,small,1
Edinburgh,EH6 7DT,55.98247422,-3.16368545,16,MVS,2,4,small,1
Edinburgh,EH1 3JT,55.95708,-3.18738111,15,MVS,6,5,small,1
Edinburgh,EH6 8NR,55.96759534,-3.174005,16,MVS,0,4,small,1
Edinburgh,EH218QT,55.93723199,-3.08398204,15,MVS,4,5,small,1
Edinburgh,EH218QU,55.93759805,-3.0842484,15,MVS,4,5,small,1
Edinburgh,EH218RS,55.93332588,-3.08675419,15,MVS,4,5,small,1
Edinburgh,EH218SQ,55.93499394,-3.08915403,15,MVS,4,5,small,1
Edinburgh,EH218SR,55.93403428,-3.08691809,15,MVS,4,5,small,1
Edinburgh,EH218SS,55.93453355,-3.08328238,15,MVS,4,5,small,1
Edinburgh,EH218ST,55.93480245,-3.0843784,15,MVS,4,5,small,1
Edinburgh,EH218SX,55.93564053,-3.08512217,15,MVS,4,5,small,1
Edinburgh,EH218TA,55.92266784,-3.06531649,24,MVS,17,6,small,6
Edinburgh,EH128LU,55.94003613,-3.31378735,15,MVS,1,5,small,1
Edinburgh,EH147BL,55.88474718,-3.35522866,20,MVS,13,10,small,6
Edinburgh,EH114BP,55.92704609,-3.2965266,16,MVS,0,4,small,1
Edinburgh,EH114BT,55.92684878,-3.29392724,16,MVS,0,4,small,1
Edinburgh,EH114BY,55.925926080000004,-3.29536889,16,MVS,0,4,small,1
Edinburgh,EH114DF,55.9254495,-3.30561166,15,MVS,1,5,small,1
Edinburgh,EH114DG,55.92571339,-3.30445222,15,MVS,1,5,small,1
Edinburgh,EH114DN,55.92642334,-3.30444407,15,MVS,1,5,small,1
Edinburgh,EH114DT,55.92616915,-3.29873793,15,MVS,1,5,small,1
Edinburgh,EH114DW,55.92501665,-3.30321251,15,MVS,1,5,small,1
Edinburgh,EH114EJ,55.92197771,-3.29827767,15,MVS,1,5,small,1
Edinburgh,EH114EP,55.92475089,-3.29774626,15,MVS,1,5,small,1
Edinburgh,EH114EQ,55.92783115,-3.29706498,16,MVS,0,4,small,1
Edinburgh,EH114EW,55.92436022,-3.30155809,15,MVS,1,5,small,1
Edinburgh,EH114HD,55.92340144,-3.29105978,16,MVS,0,4,small,1
Edinburgh,EH127HD,55.94193018,-3.28155737,15,MVS,1,5,small,1
Edinburgh,EH127SZ,55.94008334,-3.28546689,15,MVS,1,5,small,1
Edinburgh,EH112NH,55.94057792,-3.2308881,16,MVS,0,4,small,1
Edinburgh,EH4 4GA,55.97576005,-3.24392793,18,MVS,0,2,small,1
Edinburgh,EH5 1QE,55.97716417,-3.24458197,17,MVS,3,3,small,1
Edinburgh,EH4 5JG,55.97404142,-3.25744519,19,MVS,1,1,small,1
Edinburgh,EH112RN,55.93577517,-3.24296609,16,MVS,0,4,small,1
Edinburgh,EH113AN,55.93226393,-3.25074502,17,MVS,0,3,small,1
Edinburgh,EH128XX,55.94868334,-3.303351,16,MVS,0,4,small,1
Edinburgh,EH4 4DG,55.97196765,-3.24130657,18,MVS,0,2,small,1
Edinburgh,EH5 1HY,55.97738026,-3.23918833,17,MVS,0,3,small,1
Edinburgh,EH5 1QN,55.97721966,-3.23996844,17,MVS,3,3,small,1
Edinburgh,EH4 4DZ,55.97031692,-3.24993793,18,MVS,0,2,small,1
Edinburgh,EH4 4AB,55.97168306,-3.25344299,19,MVS,0,1,small,1
Edinburgh,EH2 2EY,55.95198551,-3.19941245,15,MVS,9,5,small,1
Edinburgh,EH2 2JR,55.95250426,-3.20058158,15,MVS,9,5,small,1
Edinburgh,EH2 2ND,55.9526104,-3.19983216,15,MVS,9,5,small,1
Edinburgh,EH128NN,55.94728324,-3.31587432,23,IVS,27,7,small,6
Edinburgh,EH120AX,55.94503346,-3.32457275,23,MVS,27,7,small,6
Edinburgh,EH2 2PA,55.95384291,-3.19690739,15,MVS,9,5,small,1
Edinburgh,EH2 2PJ,55.95311701,-3.19670882,15,MVS,9,5,small,1
Edinburgh,EH2 2HN,55.95368782,-3.19807175,15,MVS,9,5,small,1
Edinburgh,EH2 2HT,55.95365324,-3.19885544,15,MVS,9,5,small,1
Edinburgh,EH2 3AH,55.95146828,-3.20269548,15,MVS,9,5,small,1
Edinburgh,EH2 3JD,55.95188204,-3.20173141,15,MVS,9,5,small,1
Edinburgh,EH2 3JF,55.9520438,-3.20080755,15,MVS,9,5,small,1
Edinburgh,EH2 3JG,55.95176925,-3.20224039,15,MVS,9,5,small,1
Edinburgh,EH5 1QJ,55.98158322,-3.24119795,17,MVS,3,3,small,1
Edinburgh,EH5 1SA,55.97782111,-3.24359346,17,MVS,3,3,small,1
Edinburgh,EH2 2ER,55.95201547,-3.19818023,15,MVS,9,5,small,1
Edinburgh,EH2 2NH,55.95254571,-3.19909346,15,MVS,9,5,small,1
Edinburgh,EH2 2NN,55.95245391,-3.19836994,15,MVS,9,5,small,1
Edinburgh,EH2 2NP,55.95271685,-3.19905071,15,MVS,9,5,small,1
Edinburgh,EH2 3AA,55.95161958,-3.20100261,15,MVS,9,5,small,1
Edinburgh,EH2 2AH,55.95345721,-3.19313185,15,MVS,9,5,large,1
Edinburgh,EH2 2BD,55.9535424,-3.19268604,15,MVS,9,5,small,1
Edinburgh,EH2 2BY,55.95293698,-3.19303577,15,MVS,9,5,small,1
Edinburgh,EH2 2DL,55.95248203,-3.19640096,15,MVS,9,5,small,1
Edinburgh,EH2 2DY,55.95307206,-3.19763632,15,MVS,9,5,large,1
Edinburgh,EH2 2PR,55.95320597,-3.19494987,15,MVS,9,5,small,1
Edinburgh,EH2 2QA,55.95281548,-3.19629914,15,MVS,9,5,small,1
Edinburgh,EH2 2SA,55.95369135,-3.1949328,15,MVS,9,5,large,1
Edinburgh,EH309TR,55.97295354,-3.31602478,22,IVS,17,8,small,6
Edinburgh,EH4 6DS,55.96632797,-3.31884383,22,MVS,17,8,small,6
Edinburgh,EH4 8AW,55.96016306,-3.31975541,23,MVS,27,7,small,6
Edinburgh,EH3 8AQ,55.94566395,-3.21183468,15,MVS,4,5,small,1
Edinburgh,EH3 8EB,55.9463003,-3.21199867,15,MVS,4,5,small,1
Edinburgh,EH3 8ED,55.94644922,-3.21147491,15,MVS,4,5,small,1
Edinburgh,EH139ED,55.90952077,-3.22849603,17,MVS,0,3,small,1
Edinburgh,EH105HF,55.92720373,-3.21588369,15,MVS,20,5,large,1
Edinburgh,EH105HA,55.92899086,-3.21233845,15,MVS,20,5,small,1
Edinburgh,EH3 9FA,55.94529476,-3.20458566,15,MVS,4,5,small,1
Edinburgh,EH112BA,55.94495673,-3.21794519,15,MVS,0,5,small,1
Edinburgh,EH139AF,55.91104381,-3.23702319,15,MVS,0,5,small,1
Edinburgh,EH104QB,55.92901717,-3.21149098,15,MVS,20,5,small,1
Edinburgh,EH2 2HG,55.95143148,-3.19724935,15,MVS,9,5,small,1
Edinburgh,EH3 8BL,55.94490563,-3.20670317,15,MVS,4,5,small,1
Edinburgh,EH3 8EX,55.94590436,-3.20839952,15,MVS,4,5,small,1
Edinburgh,EH3 8HH,55.94547095,-3.2076975,15,MVS,4,5,large,1
Edinburgh,EH3 9AA,55.94521031,-3.20495131,15,MVS,4,5,small,1
Edinburgh,EH3 9QF,55.94406207,-3.20750953,15,MVS,4,5,small,1
Edinburgh,EH1 2JY,55.9471805,-3.19918381,16,MVS,19,4,small,1
Edinburgh,EH1 2RT,55.94682955,-3.19923701,16,MVS,19,4,small,1
Edinburgh,EH1 2HP,55.94687674,-3.19715681,16,MVS,19,4,small,1
Edinburgh,EH1 2HR,55.94696337,-3.19563827,16,MVS,19,4,small,1
Edinburgh,EH1 2HS,55.94707035,-3.19665037,16,MVS,19,4,small,1
Edinburgh,EH1 2HU,55.94629966,-3.19736318,16,MVS,19,4,small,1
Edinburgh,EH1 2HX,55.94658201,-3.19697157,16,MVS,19,4,small,1
Edinburgh,EH3 9BN,55.94438452,-3.20486162,15,MVS,0,5,small,1
Edinburgh,EH1 1HN,55.94891462,-3.18713113,18,MVS,25,2,small,1
Edinburgh,EH1 1JQ,55.94861618,-3.18733017,18,MVS,25,2,small,1
Edinburgh,EH1 1NQ,55.94889384,-3.18648995,18,MVS,25,2,small,1
Edinburgh,EH3 8AF,55.94562156,-3.21248986,15,MVS,4,5,small,1
Edinburgh,EH1 1BQ,55.95263003,-3.19132872,15,MVS,9,5,small,1
Edinburgh,EH1 1TR,55.95271379,-3.18916924,15,MVS,9,5,small,1
Edinburgh,EH1 1BN,55.9508539,-3.1900891,15,MVS,9,5,small,1
Edinburgh,EH1 1BP,55.95074409,-3.19029391,15,MVS,9,5,small,1
Edinburgh,EH1 1BS,55.95072812,-3.18915641,15,MVS,9,5,small,1
Edinburgh,EH1 1BU,55.95059956,-3.18851189,15,MVS,9,5,small,1
Edinburgh,EH1 1BX,55.9508833,-3.18890493,15,MVS,9,5,small,1
Edinburgh,EH1 1DE,55.95095364,-3.18999607,15,MVS,9,5,small,1
Edinburgh,EH1 1DF,55.95124109,-3.19000489,15,MVS,9,5,small,1
Edinburgh,EH1 1LW,55.95016951,-3.19117307,15,MVS,9,5,small,1
Edinburgh,EH1 1ND,55.95012088,-3.19155592,16,MVS,19,4,small,1
Edinburgh,EH1 1NW,55.94988578,-3.19170883,16,MVS,19,4,small,1
Edinburgh,EH1 1NY,55.95048885,-3.1897416,15,MVS,9,5,small,1
Edinburgh,EH1 1PB,55.95048559,-3.18914897,15,MVS,9,5,small,1
Edinburgh,EH1 1PD,55.95030699,-3.18810257,15,MVS,9,5,small,1
Edinburgh,EH1 1PE,55.9501811,-3.18904355,15,MVS,9,5,small,1
Edinburgh,EH1 1PG,55.95012026,-3.19069114,15,MVS,9,5,small,1
Edinburgh,EH1 1PQ,55.94993317,-3.19145407,16,MVS,19,4,small,1
Edinburgh,EH1 1PS,55.94997994,-3.19126333,16,MVS,19,4,small,1
Edinburgh,EH1 1PT,55.9498483,-3.19186782,16,MVS,19,4,small,1
Edinburgh,EH1 1PW,55.94986905,-3.19158021,16,MVS,19,4,small,1
Edinburgh,EH1 1PX,55.95037949,-3.18896956,15,MVS,9,5,small,1
Edinburgh,EH1 1QG,55.95092572,-3.18823363,15,MVS,9,5,small,1
Edinburgh,EH1 1QL,55.95060203,-3.18825574,15,MVS,9,5,small,1
Edinburgh,EH1 1QN,55.95047797,-3.18807578,15,MVS,9,5,small,1
Edinburgh,EH1 1QT,55.94972838,-3.18846918,18,MVS,25,2,small,1
Edinburgh,EH1 1QW,55.94962398,-3.18811368,18,MVS,25,2,small,1
Edinburgh,EH1 1YJ,55.95032996,-3.19037729,15,MVS,9,5,large,1
Edinburgh,EH2 2EL,55.95093438,-3.19569662,15,MVS,9,5,small,1
Edinburgh,EH2 2EH,55.95277962,-3.18979586,15,MVS,9,5,small,1
Edinburgh,EH2 2EJ,55.9522961,-3.19333635,15,MVS,9,5,small,1
Edinburgh,EH2 2EQ,55.95293418,-3.18960842,15,MVS,9,5,large,1
Edinburgh,EH1 1YZ,55.95034018,-3.19303596,16,MVS,19,4,large,1
Edinburgh,EH1 2JN,55.94899259,-3.19393932,16,MVS,19,4,small,1
Edinburgh,EH1 2LP,55.94980956,-3.19401251,16,MVS,19,4,small,1
Edinburgh,EH1 2LU,55.94976494,-3.19490791,16,MVS,19,4,small,1
Edinburgh,EH1 2NA,55.94936267,-3.19654494,16,MVS,19,4,small,1
Edinburgh,EH1 2ND,55.94899379,-3.19566883,16,MVS,19,4,small,1
Edinburgh,EH1 2NE,55.94875682,-3.19601382,16,MVS,19,4,small,1
Edinburgh,EH1 2NF,55.94879632,-3.19564673,16,MVS,19,4,small,1
Edinburgh,EH1 2NH,55.94801833,-3.19711198,16,MVS,19,4,small,1
Edinburgh,EH1 2PR,55.94847726,-3.19611729,16,MVS,19,4,small,1
Edinburgh,EH1 2PW,55.94851571,-3.19493348,16,MVS,19,4,small,1
Edinburgh,EH1 2NG,55.94897303,-3.20149715,16,MVS,19,4,small,1
Edinburgh,EH1 2JT,55.94778897,-3.19667254,16,MVS,19,4,small,1
Edinburgh,EH1 2JU,55.94749857,-3.19696783,16,MVS,19,4,small,1
Edinburgh,EH1 2LJ,55.9477495,-3.19611087,16,MVS,19,4,small,1
Edinburgh,EH3 9BP,55.94357272,-3.20425999,15,MVS,0,5,small,1
Edinburgh,EH309BQ,55.98363237,-3.39888544,17,MVS,2,8,small,3
Edinburgh,EH8 8FT,55.95123485,-3.18225365,15,MVS,9,5,small,1
Edinburgh,EH178UX,55.89791632,-3.16419075,23,MVS,2,7,small,6
Edinburgh,EH178WQ,55.89642894,-3.16659296,23,MVS,2,7,small,6
Edinburgh,EH178SF,55.89366742,-3.154517,23,MVS,2,7,small,6
Edinburgh,EH178GU,55.9026162,-3.12647276,23,MVS,2,7,small,6
Edinburgh,EH8 8AS,55.95043057,-3.17615975,17,MVS,5,3,small,1
Edinburgh,EH8 8PJ,55.95088391,-3.1776148,17,MVS,5,3,small,1
Edinburgh,EH8 8DL,55.95263609,-3.18136749,16,MVS,10,4,small,1
Edinburgh,EH1 1NB,55.9496657,-3.18564881,18,MVS,25,2,small,1
Edinburgh,EH1 1NE,55.94928611,-3.18587742,18,MVS,25,2,small,1
Edinburgh,EH1 1NL,55.9496618,-3.18512024,18,MVS,25,2,small,1
Edinburgh,EH1 1SG,55.95047497,-3.18652231,15,MVS,9,5,small,1
Edinburgh,EH1 1SR,55.95078789,-3.18481834,15,MVS,9,5,small,1
Edinburgh,EH1 1SS,55.95070602,-3.18585677,15,MVS,9,5,small,1
Edinburgh,EH1 1TB,55.95034096,-3.18550931,18,MVS,25,2,small,1
Edinburgh,EH1 1TD,55.95038643,-3.18451782,18,MVS,25,2,small,1
Edinburgh,EH1 1TF,55.95019472,-3.18483225,18,MVS,25,2,small,1
Edinburgh,EH1 1TG,55.95029183,-3.18501137,18,MVS,25,2,small,1
Edinburgh,EH1 1DH,55.95115901,-3.18547026,15,MVS,9,5,small,1
Edinburgh,EH1 1LG,55.94929452,-3.18687053,18,MVS,25,2,small,1
Edinburgh,EH1 1LL,55.94890965,-3.18671463,18,MVS,25,2,small,1
Edinburgh,EH1 1SJ,55.95067664,-3.18704094,15,MVS,9,5,small,1
Edinburgh,EH8 9RU,55.94457526,-3.18145826,15,MVS,10,5,small,1
Edinburgh,EH151AW,55.9541736,-3.11671095,16,MVS,0,4,small,1
Edinburgh,EH153RD,55.93426099,-3.10386023,15,MVS,4,5,small,1
Edinburgh,EH153NX,55.94303607,-3.11623023,17,MVS,0,3,small,1
Edinburgh,EH164DS,55.93325575,-3.13634185,18,MVS,0,2,small,1
Edinburgh,EH164GN,55.93309129,-3.13273547,18,MVS,0,2,small,1
Edinburgh,EH164JU,55.93418512,-3.13006215,18,MVS,0,2,small,1
Edinburgh,EH164XS,55.93363453,-3.13131068,18,MVS,0,2,small,1
Edinburgh,EH164XT,55.91439192,-3.1259503300000002,28,MVS,29,2,small,6
Edinburgh,EH164XU,55.91494969,-3.12489453,28,MVS,29,2,small,6
Edinburgh,EH164XW,55.91492652,-3.12644581,28,MVS,29,2,small,6
Edinburgh,EH164FR,55.92850804,-3.12496731,19,MVS,2,1,small,1
Edinburgh,EH164FZ,55.9288567,-3.12417716,19,MVS,2,1,small,1
Edinburgh,EH164WG,55.92370333,-3.12173949,18,NA,29,2,small,6
Edinburgh,EH164GG,55.92419011,-3.12255372,18,NA,29,2,small,6
Edinburgh,EH164WN,55.92651226,-3.12212474,18,NA,29,2,small,6
Edinburgh,EH164WT,55.92400423,-3.12224429,18,NA,29,2,small,6
Edinburgh,EH164WU,55.92419089,-3.12148153,18,NA,29,2,small,6
Edinburgh,EH164WW,55.92406209,-3.12378227,18,NA,29,2,small,6
Edinburgh,EH164XB,55.92462247,-3.12440662,28,MVS,29,2,small,6
Edinburgh,EH164XD,55.92502995,-3.11616056,28,MVS,29,2,small,6
Edinburgh,EH164XE,55.92593478,-3.11447415,28,MVS,29,2,small,6
Edinburgh,EH164FA,55.92767903,-3.12620766,19,MVS,2,1,small,1
Edinburgh,EH164FQ,55.93004999,-3.13026187,18,MVS,29,2,small,1
Edinburgh,EH164FX,55.92846515,-3.12671062,18,MVS,29,2,small,1
Edinburgh,EH164GS,55.9291869,-3.13129309,18,MVS,29,2,small,1
Edinburgh,EH164GX,55.93022665,-3.12863442,18,MVS,29,2,small,1
Edinburgh,EH164ZD,55.92747748,-3.12466537,19,MVS,2,1,small,1
Edinburgh,EH164SB,55.92212075,-3.13753617,18,MVS,29,2,large,1
Edinburgh,EH164UU,55.92126385,-3.1300861,18,MVS,29,2,small,1
Edinburgh,EH164UX,55.91982579,-3.12914817,18,MVS,29,2,small,1
Edinburgh,EH177QN,55.91012209,-3.14755116,15,MVS,0,5,small,1
Aberdeen,AB158QU,57.13525457,-2.17547275,17,NA,0,3,small,6
Aberdeen,AB158AN,57.13518211,-2.16937617,24,MVS,15,6,small,6
Aberdeen,AB158AU,57.13593771,-2.16861965,24,MVS,15,6,small,6
Aberdeen,AB158LE,57.13365375,-2.17029431,24,MVS,15,6,small,6
Aberdeen,AB158LF,57.13370621,-2.17135186,24,MVS,15,6,small,6
Aberdeen,AB158LW,57.13303386,-2.17034102,24,MVS,15,6,small,6
Aberdeen,AB158AT,57.13166702,-2.17137546,24,MVS,15,6,small,6
Aberdeen,AB158JY,57.13149501,-2.16569201,24,MVS,15,6,small,6
Aberdeen,AB158JZ,57.13123317,-2.16669851,24,MVS,15,6,small,6
Aberdeen,AB158PP,57.14820178,-2.2034148,21,MVS,8,9,small,6
Aberdeen,AB158PT,57.14567782,-2.19763348,24,MVS,15,6,small,6
Aberdeen,AB242GH,57.1728255,-2.1361754,18,MVS,0,2,small,1
Aberdeen,AB242PB,57.17478047,-2.11235046,17,MVS,32,3,small,1
Aberdeen,AB242PS,57.17328197,-2.11049365,17,MVS,32,3,small,1
Aberdeen,AB242DU,57.17237414,-2.13819131,18,MVS,0,2,small,1
Aberdeen,AB241UJ,57.16946519,-2.09855961,16,MVS,0,4,small,1
Aberdeen,AB242UU,57.16761188,-2.11254362,18,MVS,0,2,small,1
Aberdeen,AB242UY,57.171786,-2.11579764,18,MVS,0,2,small,1
Aberdeen,AB156XH,57.15186565,-2.18689,21,MVS,8,9,large,6
Aberdeen,AB158PS,57.14883882,-2.19252697,21,MVS,8,9,small,6
Aberdeen,AB238BN,57.20462019,-2.09239689,23,MVS,9,7,small,6
Aberdeen,AB238FJ,57.20383796,-2.10472587,23,MVS,9,7,small,6
Aberdeen,AB238NN,57.20709574,-2.10827748,23,MVS,9,7,small,6
Aberdeen,AB167RH,57.16888915,-2.18027893,23,MVS,32,7,small,6
Aberdeen,AB228BQ,57.18065306,-2.15635148,22,MVS,26,8,small,6
Aberdeen,AB238AX,57.19404586,-2.08149888,23,MVS,9,7,small,6
Aberdeen,AB238AZ,57.19619899,-2.08565724,23,MVS,9,7,small,6
Aberdeen,AB238BD,57.2010292,-2.08939228,23,MVS,9,7,small,6
Aberdeen,AB238AN,57.19871088,-2.07695814,23,MVS,9,7,small,6
Aberdeen,AB166TR,57.1562373,-2.16338938,17,MVS,0,3,small,1
Aberdeen,AB167FQ,57.169449,-2.1718151,23,MVS,32,7,small,6
Aberdeen,AB167RF,57.17167767,-2.17116397,23,MVS,32,7,small,6
Aberdeen,AB228AW,57.190545470000004,-2.13096266,22,MVS,26,8,small,6
Aberdeen,AB228AL,57.18466511,-2.13611978,22,MVS,26,8,small,6
Aberdeen,AB229AA,57.18843424,-2.1311868,22,MVS,26,8,small,6
Aberdeen,AB229AE,57.18873914,-2.13168423,22,MVS,26,8,small,6
Aberdeen,AB229AG,57.18908814,-2.13294289,22,MVS,26,8,small,6
Aberdeen,AB229AQ,57.19013942,-2.13268195,22,MVS,26,8,small,6
Aberdeen,AB210BQ,57.19444329,-2.21593093,23,MVS,32,7,small,6
Aberdeen,AB210HH,57.21095449,-2.22582791,23,MVS,32,7,small,6
Aberdeen,AB228AS,57.19896456,-2.1374137,22,MVS,26,8,small,6
Aberdeen,AB217AP,57.20684011,-2.15495605,22,MVS,26,8,small,6
Aberdeen,AB228AR,57.19735554,-2.1678077,22,MVS,26,8,small,6
Aberdeen,AB228AQ,57.18086652,-2.15805614,22,MVS,26,8,small,6
Aberdeen,AB228AT,57.17990787,-2.15603405,22,MVS,26,8,small,6
Aberdeen,AB210EQ,57.21754058,-2.21469169,23,MVS,32,7,small,6
Aberdeen,AB219WN,57.17664186,-2.14541847,17,MVS,16,3,small,1
Aberdeen,AB219XQ,57.17731836,-2.14300633,17,MVS,16,3,small,1
Aberdeen,AB219WL,57.17544676,-2.14572801,17,MVS,16,3,small,1
Aberdeen,AB219FQ,57.18078778,-2.16341519,22,MVS,26,8,small,6
Aberdeen,AB253TY,57.1554535,-2.10731618,16,MVS,0,4,small,1
Aberdeen,AB243DS,57.16259974,-2.10161646,16,MVS,1,4,small,1
Aberdeen,AB156XS,57.14731517,-2.17159665,17,MVS,0,3,large,1
Aberdeen,AB119AY,57.13798698,-2.08892586,16,MVS,0,4,small,1
Aberdeen,AB125UT,57.11805509,-2.11949365,22,MVS,20,8,small,6
Aberdeen,AB125QX,57.12283654,-2.10684173,15,MVS,2,5,small,1
Aberdeen,AB119QP,57.13733692,-2.08051465,18,MVS,1,2,small,1
Aberdeen,AB119AH,57.13628633,-2.09285387,17,MVS,0,3,small,1
Aberdeen,AB107FU,57.11971321,-2.14820045,17,MVS,16,3,small,1
Aberdeen,AB158BD,57.141052,-2.17943284,24,MVS,15,6,small,6
Aberdeen,AB158BJ,57.13994343,-2.17567673,17,MVS,0,3,small,1
Aberdeen,AB101AU,57.147764,-2.09633676,15,MVS,41,5,small,1
Aberdeen,AB101BB,57.14721542,-2.09712859,15,MVS,41,5,small,1
Aberdeen,AB101BD,57.14745859,-2.09631943,15,MVS,41,5,small,1
Aberdeen,AB101HE,57.14724152,-2.09821939,15,MVS,41,5,small,1
Aberdeen,AB101HF,57.14689069,-2.09884646,15,MVS,41,5,small,1
Aberdeen,AB115AA,57.14590535,-2.09524121,17,MVS,30,3,small,1
Aberdeen,AB115BJ,57.14702719,-2.09659926,15,MVS,12,5,small,1
Aberdeen,AB115PD,57.14676668,-2.09659857,15,MVS,12,5,small,1
Aberdeen,AB115PZ,57.14574336,-2.09563741,15,MVS,12,5,small,1
Aberdeen,AB115HS,57.14907028,-2.09134897,17,MVS,1,3,small,1
Aberdeen,AB101JQ,57.14797602,-2.10086561,15,MVS,41,5,small,1
Aberdeen,AB101TS,57.14325105,-2.11134581,16,MVS,4,4,small,1
Aberdeen,AB101UZ,57.14359147,-2.11238789,16,MVS,4,4,small,1
Aberdeen,AB101XZ,57.14423969,-2.11077041,16,MVS,4,4,small,1
Aberdeen,AB116NB,57.14491525,-2.09780008,15,MVS,12,5,small,1
Aberdeen,AB115QW,57.14124596,-2.07825942,17,MVS,30,3,small,1
Aberdeen,AB115NT,57.14408607,-2.08945281,17,MVS,30,3,small,1
Aberdeen,AB115PJ,57.14440533,-2.09505557,17,MVS,30,3,small,1
Aberdeen,AB115PU,57.14437489,-2.0875366,17,MVS,30,3,small,1
Aberdeen,AB115QA,57.14186848,-2.08774547,17,MVS,30,3,small,1
Aberdeen,AB115QD,57.14074648,-2.08648703,17,MVS,30,3,small,1
Aberdeen,AB115RA,57.14450289,-2.09669181,17,MVS,30,3,small,1
Aberdeen,AB116LX,57.1441509,-2.09880608,17,MVS,30,3,small,1
Aberdeen,AB245NR,57.15648831,-2.08111843,18,MVS,1,2,small,1
Aberdeen,AB101RE,57.145609640000004,-2.1055359,15,MVS,41,5,small,1
Aberdeen,AB101TP,57.14416094,-2.10837405,16,MVS,4,4,small,1
Aberdeen,AB116DR,57.14435278,-2.10462343,17,MVS,30,3,small,1
Aberdeen,AB159PT,57.12588288,-2.17068802,24,MVS,15,6,small,6
Aberdeen,AB159BQ,57.12108167,-2.20904606,21,MVS,26,9,small,6
Aberdeen,AB116ET,57.14347421,-2.10248927,16,MVS,21,4,small,1
Aberdeen,AB116FD,57.14342263,-2.09961384,17,MVS,30,3,small,1
Aberdeen,AB116HD,57.14370908,-2.10087049,17,MVS,30,3,small,1
Aberdeen,AB116HJ,57.14265715,-2.1020078,16,MVS,21,4,small,1
Aberdeen,AB116HN,57.142433080000004,-2.10137926,16,MVS,21,4,small,1
Aberdeen,AB123GA,57.09150713,-2.10260949,22,MVS,20,8,small,6
Aberdeen,AB123GW,57.0905728,-2.10272241,22,MVS,20,8,small,6
Aberdeen,AB101BJ,57.14628127,-2.10798365,15,MVS,41,5,small,1
Aberdeen,AB101SL,57.14510377,-2.108823,16,MVS,4,4,small,1
Aberdeen,AB101TJ,57.14515042,-2.10680704,15,MVS,41,5,small,1
Aberdeen,AB251NX,57.14904616,-2.11014025,15,MVS,41,5,small,1
Aberdeen,AB251PL,57.14905591,-2.10926434,15,MVS,41,5,small,1
Aberdeen,AB116DY,57.14347339,-2.10348074,16,MVS,21,4,small,1
Aberdeen,AB116EE,57.14267425,-2.1030654,16,MVS,21,4,small,1
Aberdeen,AB115FN,57.14889279,-2.08832408,16,MVS,2,4,small,1
Aberdeen,AB101PR,57.14539504,-2.10434545,15,MVS,41,5,small,1
Aberdeen,AB101QX,57.14563871,-2.10299104,15,MVS,41,5,small,1
Aberdeen,AB101RD,57.14589821,-2.10419814,15,MVS,41,5,small,1
Aberdeen,AB116BB,57.14520748,-2.10303941,15,MVS,41,5,small,1
Aberdeen,AB116BH,57.14614447,-2.0996377,15,MVS,12,5,small,1
Aberdeen,AB116HA,57.14439905,-2.10298758,17,MVS,30,3,small,1
Aberdeen,AB116JL,57.14480476,-2.10118746,15,MVS,41,5,small,1
Aberdeen,AB156EZ,57.14908694,-2.1632917,16,MVS,0,4,small,1
Aberdeen,AB159EB,57.11447762,-2.20993347,20,MVS,7,10,small,6
Aberdeen,AB159AU,57.12302338,-2.18535718,24,MVS,15,6,small,6
Aberdeen,AB159QL,57.12432385,-2.18675104,24,MVS,15,6,small,6
Aberdeen,AB156BQ,57.1522468,-2.18428041,21,MVS,8,9,small,6
Aberdeen,AB123TS,57.10196285,-2.09182692,22,MVS,20,8,small,6
Aberdeen,AB123ZF,57.10222736,-2.09836406,22,MVS,20,8,small,6
Aberdeen,AB123ZJ,57.1011708,-2.09388818,22,MVS,20,8,small,6
Aberdeen,AB123AB,57.12785821,-2.09555813,16,MVS,17,4,small,1
Aberdeen,AB123AL,57.12399645,-2.09430946,16,MVS,17,4,small,1
Aberdeen,AB123BJ,57.12457518,-2.08910832,16,MVS,17,4,small,1
Aberdeen,AB123AX,57.12790376,-2.08201373,16,MVS,17,4,small,1
Aberdeen,AB123BS,57.12709703,-2.07930309,16,MVS,17,4,small,1
Aberdeen,AB123JP,57.11381582,-2.09798207,22,MVS,20,8,small,6
Aberdeen,AB123LG,57.11417618,-2.08424538,16,MVS,17,4,small,1
Aberdeen,AB123LH,57.11224187,-2.07476381,16,MVS,17,4,small,1
Aberdeen,AB123JZ,57.11871026,-2.07376956,16,MVS,17,4,small,1
Aberdeen,AB123LE,57.11545542,-2.07865067,16,MVS,17,4,small,1
Aberdeen,AB123LW,57.1161957,-2.07257564,16,MVS,17,4,small,1
Aberdeen,AB123HT,57.12177617,-2.06906891,16,MVS,17,4,small,1
Stirling,FK8 2NN,56.11308054,-3.94094572,15,MVS,0,10,small,2
Stirling,FK8 2JY,56.1115163,-3.94783101,15,MVS,0,10,small,2
Stirling,FK8 3AW,56.11572981,-3.9649172,17,IVS,4,8,small,2
Stirling,FK7 9JF,56.1087635,-3.95597421,15,MVS,33,10,small,2
Stirling,FK8 2DS,56.1156761,-3.93531802,18,MVS,7,7,small,2
Stirling,FK8 2DX,56.11617198,-3.93521424,17,MVS,21,8,small,2
Stirling,FK8 2DY,56.11535117,-3.93483524,22,MVS,10,3,small,2
Stirling,FK8 2DZ,56.11430805,-3.93487938,22,MVS,10,3,small,2
Stirling,FK8 2DJ,56.11437164,-3.93655535,22,MVS,10,3,small,2
Stirling,FK7 9HD,56.10509223,-3.94888937,17,MVS,3,8,small,2
Stirling,FK8 2AU,56.10681503,-3.93591845,18,MVS,0,7,large,2
Stirling,FK8 2HD,56.10971448,-3.9384121,15,IVS,0,10,large,2
Stirling,FK8 2NE,56.11258852,-3.9390874,15,MVS,0,10,small,2
Stirling,FK8 2EZ,56.11478182,-3.93733194,22,MVS,10,3,small,2
Stirling,FK8 2ND,56.11441891,-3.93869696,15,MVS,0,10,small,2
Stirling,FK7 9DD,56.09715497,-3.94561041,22,MVS,8,3,small,2
Stirling,FK7 9HU,56.10203263,-3.95199882,17,MVS,37,8,small,2
Stirling,FK7 7PB,56.11336041,-3.93169543,21,MVS,0,4,small,2
Stirling,FK7 7PX,56.11082804,-3.92870576,22,MVS,10,3,small,2
Stirling,FK7 7LQ,56.10977357,-3.91794208,22,MVS,10,3,small,2
Stirling,FK7 7ST,56.11643658,-3.91883665,22,MVS,10,3,small,2
Stirling,FK7 7UJ,56.11910796,-3.91288904,22,IVS,10,3,small,2
Stirling,FK7 7UU,56.11388292,-3.91372342,22,MVS,10,3,small,2
Stirling,FK7 7WS,56.12005098,-3.90653335,22,IVS,10,3,small,2
Stirling,FK7 7XH,56.11739568,-3.90855745,22,MVS,10,3,small,2
Stirling,FK8 1NU,56.12548067,-3.93815954,16,MVS,0,9,small,2
Stirling,FK8 1RW,56.13129226,-3.95542855,23,MVS,0,2,small,2
Stirling,FK8 1AY,56.11827797,-3.93787769,18,MVS,7,7,small,2
Stirling,FK8 1DN,56.1177502,-3.93772246,18,MVS,7,7,small,2
Stirling,FK8 1DU,56.11913386,-3.94002805,18,MVS,7,7,small,2
Stirling,FK8 2EE,56.11752878,-3.93579712,17,MVS,21,8,small,2
Stirling,FK8 1QZ,56.11955292,-3.93221498,17,MVS,21,8,small,2
Stirling,FK9 4TU,56.12817464,-3.95992037,23,MVS,0,2,small,2
Stirling,FK8 1PF,56.1178346,-3.93405912,22,IVS,10,3,small,2
Stirling,FK8 2BY,56.11988071,-3.93538441,17,MVS,21,8,small,2
Stirling,FK8 2EA,56.11698559,-3.93375915,22,MVS,10,3,small,2
Stirling,FK8 1AP,56.11866327,-3.9368032,18,IVS,7,7,small,2
Stirling,FK8 1AX,56.11872603,-3.93738546,18,MVS,7,7,small,2
Stirling,FK8 1DQ,56.11835923,-3.93670749,18,MVS,7,7,small,2
Stirling,FK8 1JU,56.12042439,-3.93739042,20,IVS,5,5,small,2
Stirling,FK8 1JX,56.1202,-3.93680001,17,MVS,21,8,small,2
Stirling,FK8 2DD,56.1182144,-3.93620154,17,IVS,21,8,small,2
Stirling,FK8 2ED,56.11794309,-3.9357375,17,IVS,21,8,small,2
Stirling,FK8 2EQ,56.11854597,-3.93568736,17,IVS,21,8,small,2
Stirling,FK8 1NQ,56.12226545,-3.93860913,20,MVS,5,5,small,2
Stirling,FK9 5QT,56.137538,-3.935451,17,MVS,0,8,small,2
Stirling,FK9 4AS,56.16917319,-3.93008431,21,MVS,50,9,small,6
Stirling,FK9 5DS,56.13760637,-3.94082988,24,MVS,0,1,small,2
Stirling,FK9 5EY,56.13550292,-3.92767224,15,MVS,3,10,small,2
Stirling,FK9 5NP,56.13063057,-3.9202839,21,MVS,50,9,small,6
Stirling,FK9 4LB,56.15101402,-3.90795417,15,IVS,8,10,small,2
Stirling,FK9 4RS,56.151344280000004,-3.93065519,15,MVS,1,10,small,2
Stirling,FK9 5PU,56.14643868,-3.90396052,21,IVS,50,9,small,6
Stirling,FK9 5QN,56.14092607,-3.91352222,21,IVS,50,9,small,6
Stirling,FK9 4LY,56.16283419,-3.9463541,15,MVS,7,10,small,2
Stirling,FK9 4RQ,56.15238578,-3.93645525,15,MVS,1,10,small,2
Stirling,FK9 4QE,56.15733711,-3.94618874,15,MVS,7,10,small,2
Renfrewshire,PA3 2PF,55.86488647,-4.43111618,15,MVS,19,5,small,1
Renfrewshire,PA3 2SS,55.86497284,-4.42674222,15,MVS,19,5,small,1
Renfrewshire,PA3 2ST,55.86458484,-4.43228007,15,MVS,19,5,large,1
Renfrewshire,PA3 2SX,55.86355309,-4.42809207,15,MVS,19,5,small,1
Renfrewshire,PA3 2TD,55.86466013,-4.43210896,15,MVS,19,5,small,1
Renfrewshire,PA3 2TE,55.86335859,-4.4333861,15,MVS,19,5,small,1
Renfrewshire,PA3 2TJ,55.86212569,-4.43482726,15,MVS,19,5,small,1
Renfrewshire,PA3 2TQ,55.86247998,-4.44098656,15,MVS,19,5,small,1
Renfrewshire,PA3 3AZ,55.86532766,-4.46000961,21,IVS,16,9,small,6
Renfrewshire,PA3 2SG,55.86588344,-4.42705476,15,MVS,19,5,small,1
Renfrewshire,PA4 9PA,55.87376032,-4.41408562,15,MVS,19,5,small,1
Renfrewshire,PA3 3PU,55.84724014,-4.50383885,19,MVS,0,1,small,1
Renfrewshire,PA2 9FA,55.82989338,-4.46064547,19,MVS,0,1,small,1
Renfrewshire,PA2 7RP,55.82767478,-4.4161627,16,MVS,1,4,small,1
Renfrewshire,PA5 0SP,55.82128548,-4.50545947,25,MVS,31,5,small,6
Renfrewshire,PA5 0SR,55.81650935,-4.50165636,25,IVS,31,5,small,6
Renfrewshire,PA2 8SP,55.81990444,-4.44775371,15,MVS,1,5,small,1
Renfrewshire,PA2 8SW,55.81944363,-4.44877842,15,MVS,1,5,small,1
Renfrewshire,PA102LZ,55.83616871,-4.54923716,15,MVS,0,5,small,1
Renfrewshire,PA2 9ES,55.83375129,-4.45199373,18,MVS,5,2,small,1
Renfrewshire,PA2 9AF,55.83686941,-4.45698157,18,MVS,0,2,small,1
Renfrewshire,PA2 9AP,55.83878931,-4.46254934,15,MVS,1,5,small,1
Renfrewshire,PA2 9AW,55.8372931,-4.46231096,15,MVS,1,5,small,1
Renfrewshire,PA2 9AE,55.83646099,-4.45448022,16,MVS,0,4,small,1
Renfrewshire,PA3 2BZ,55.86018301,-4.42716258,15,MVS,19,5,small,1
Renfrewshire,PA3 2RE,55.85845896,-4.42480179,15,MVS,19,5,small,1
Renfrewshire,PA3 4EP,55.86000905,-4.41545363,16,MVS,3,4,small,1
Renfrewshire,PA2 7DA,55.82356446,-4.3942579,25,MVS,31,5,small,6
Renfrewshire,PA2 7DE,55.82436588,-4.39833066,15,NA,31,5,large,6
Renfrewshire,PA1 2JP,55.84303799,-4.43741916,19,MVS,0,1,small,1
Renfrewshire,PA5 9PL,55.83065816,-4.50202215,16,MVS,0,4,small,1
Renfrewshire,PA5 9QQ,55.82677724,-4.50148544,16,MVS,0,4,small,1
Renfrewshire,PA5 9RF,55.82830246,-4.50073707,16,MVS,0,4,small,1
Renfrewshire,PA3 2AD,55.8481225,-4.42345486,19,MVS,1,1,small,1
Renfrewshire,PA3 2HL,55.84811973,-4.42724103,19,MVS,0,1,small,1
Renfrewshire,PA3 2HQ,55.84825296,-4.4286872,19,MVS,0,1,small,1
Renfrewshire,PA2 7TN,55.81995267,-4.42080845,25,MVS,31,5,small,6
Renfrewshire,PA3 3AH,55.85262596,-4.48868642,17,IVS,3,3,small,1
Renfrewshire,PA3 3DB,55.84811069,-4.48929237,17,MVS,3,3,small,1
Renfrewshire,PA3 3DP,55.85295279,-4.48763676,17,MVS,3,3,small,1
Renfrewshire,PA3 3FA,55.851118,-4.49213702,17,MVS,0,3,small,1
Renfrewshire,PA1 1SG,55.84188365,-4.40520807,19,MVS,0,1,small,1
Renfrewshire,PA102AB,55.83000773,-4.5346532,19,MVS,3,1,small,1
Renfrewshire,PA102AD,55.82984339,-4.53564856,19,MVS,3,1,small,1
Renfrewshire,PA102DA,55.82519596,-4.53480315,19,MVS,3,1,small,1
Renfrewshire,PA102DB,55.82849806,-4.53594422,19,MVS,3,1,small,1
Renfrewshire,PA102DH,55.82710196,-4.53521461,19,MVS,3,1,small,1
Renfrewshire,PA5 8LT,55.82970668,-4.51473619,15,MVS,31,5,small,1
Renfrewshire,PA5 8NH,55.82967649,-4.51665052,15,MVS,31,5,small,1
Renfrewshire,PA1 2HL,55.83894182,-4.43321754,18,MVS,0,2,small,1
Renfrewshire,PA1 2HP,55.84140385,-4.43279637,18,MVS,0,2,small,1
Renfrewshire,PA5 9UL,55.82524279,-4.48318446,25,MVS,31,5,small,6
Renfrewshire,PA5 9UP,55.82095037,-4.47943046,25,IVS,31,5,small,6
Renfrewshire,PA5 9UW,55.82264914,-4.48388131,25,IVS,31,5,small,6
Renfrewshire,PA1 1EB,55.84659604,-4.42155459,16,MVS,4,4,small,1
Renfrewshire,PA1 1EU,55.84594432,-4.42087504,16,MVS,4,4,small,1
Renfrewshire,PA1 1EX,55.84663579,-4.41770696,19,MVS,1,1,small,1
Renfrewshire,PA1 1HG,55.84656656,-4.41848546,19,MVS,1,1,small,1
Renfrewshire,PA1 1JU,55.84602474,-4.41770096,16,MVS,4,4,large,1
Renfrewshire,PA1 2YA,55.84566473,-4.42320599,16,MVS,4,4,small,1
Renfrewshire,PA3 4EA,55.85718737,-4.41588569,16,MVS,3,4,small,1
Renfrewshire,PA2 8TY,55.81489431,-4.4398089,15,NA,31,5,small,6
Renfrewshire,PA102BE,55.83016277,-4.53672333,19,MVS,3,1,small,1
Renfrewshire,PA102DF,55.82992586,-4.53731472,19,MVS,3,1,small,1
Renfrewshire,PA2 7JB,55.83287868,-4.40332641,16,MVS,0,4,small,1
Renfrewshire,PA1 2AP,55.842836,-4.42718315,16,MVS,4,4,small,1
Renfrewshire,PA1 2HY,55.84262008,-4.42673839,18,MVS,2,2,small,1
Renfrewshire,PA2 7RN,55.8286285,-4.41748334,16,MVS,1,4,small,1
Renfrewshire,PA3 3PR,55.84856701,-4.5040041,18,MVS,0,2,small,1
Renfrewshire,PA5 0AG,55.8274145,-4.50770598,17,MVS,0,3,small,1
Renfrewshire,PA5 9PP,55.82782098,-4.50187184,16,MVS,0,4,small,1
Renfrewshire,PA5 9PW,55.82879843,-4.50198253,16,MVS,0,4,small,1
Renfrewshire,PA5 8EZ,55.8372941,-4.50541935,19,MVS,0,1,small,1
Renfrewshire,PA5 8JX,55.83631691,-4.50882232,19,MVS,0,1,small,1
Renfrewshire,PA3 4BF,55.85019139,-4.41743255,19,MVS,1,1,small,1
Renfrewshire,PA1 1ND,55.845683029999996,-4.41633783,19,MVS,1,1,small,1
Renfrewshire,PA1 2DD,55.84649145,-4.42913643,16,MVS,2,4,small,1
Renfrewshire,PA1 2DE,55.84573148,-4.4325716,16,MVS,2,4,small,1
Renfrewshire,PA1 1AG,55.84414898,-4.42668993,16,MVS,4,4,small,1
Renfrewshire,PA1 2AU,55.84456285,-4.42939948,16,MVS,0,4,small,1
Renfrewshire,PA1 2AX,55.844428980000004,-4.42980646,18,MVS,2,2,small,1
Renfrewshire,PA1 2DQ,55.8452147,-4.42779474,16,MVS,2,4,small,1
Renfrewshire,PA5 9UN,55.82594186,-4.48105747,25,IVS,31,5,small,6
Renfrewshire,PA5 0RS,55.81744415,-4.52539092,16,MVS,0,4,small,1
Renfrewshire,PA5 0RT,55.81828554,-4.52424813,16,MVS,0,4,small,1
Renfrewshire,PA9 1AF,55.81681663,-4.53753062,15,IVS,31,5,small,1
Renfrewshire,PA9 1AA,55.81512287,-4.52287796,15,NA,31,5,small,6
Renfrewshire,PA3 3BD,55.83960742,-4.4910967,15,MVS,3,5,small,1
Renfrewshire,PA3 3BW,55.84068072,-4.48068685,15,MVS,3,5,small,1
Renfrewshire,PA3 3BQ,55.84244042,-4.49322682,19,MVS,3,1,small,1
Renfrewshire,PA1 1UW,55.84445505,-4.42301887,16,MVS,4,4,small,1
Renfrewshire,PA3 1QS,55.85241632,-4.43993985,19,MVS,0,1,small,1
Renfrewshire,PA3 2LG,55.85887749,-4.43727676,15,MVS,19,5,small,1
Renfrewshire,PA3 2LH,55.85693112,-4.43707494,15,MVS,19,5,small,1
Renfrewshire,PA3 2LQ,55.85833588,-4.43920842,15,MVS,19,5,small,1
Renfrewshire,PA3 1QW,55.85084271,-4.43816358,19,MVS,0,1,small,1
Renfrewshire,PA3 2LP,55.85543005,-4.43571857,15,MVS,19,5,small,1
Renfrewshire,PA5 8UP,55.8456005,-4.54691532,21,MVS,16,9,small,6
Renfrewshire,PA5 8UR,55.84557655,-4.53851057,21,IVS,1,9,small,6
Renfrewshire,PA5 8TT,55.84451259,-4.52689115,21,MVS,1,9,small,6
Renfrewshire,PA5 8TZ,55.84558235,-4.53037937,21,MVS,1,9,small,6
Renfrewshire,PA5 8UB,55.84778085,-4.53055425,21,MVS,1,9,small,6
Renfrewshire,PA5 8UH,55.84539363,-4.53648572,21,MVS,1,9,small,6
Renfrewshire,PA5 8US,55.84627046,-4.52226045,21,MVS,16,9,small,6
Renfrewshire,PA6 7AA,55.84866369,-4.52214394,21,MVS,16,9,small,6
Renfrewshire,PA5 8WT,55.84506793,-4.5230452,21,MVS,16,9,small,6
Renfrewshire,PA5 8XA,55.84529874,-4.52230931,21,MVS,16,9,small,6
Renfrewshire,PA2 6LZ,55.83525914,-4.42308548,18,MVS,0,2,small,1
Renfrewshire,PA2 6RR,55.83463606,-4.42186488,18,MVS,0,2,small,1
Renfrewshire,PA2 8SG,55.81915914,-4.44500892,15,MVS,1,5,small,1
Renfrewshire,PA3 2AZ,55.84972164,-4.42349053,19,MVS,1,1,small,1
Renfrewshire,PA3 2BS,55.85179754,-4.42532941,19,MVS,1,1,small,1
Renfrewshire,PA3 2DY,55.85028141,-4.42609768,19,MVS,1,1,small,1
Renfrewshire,PA102NS,55.81925576,-4.5408505,17,MVS,1,3,small,1
Renfrewshire,PA102NT,55.81769997,-4.54306386,17,MVS,1,3,large,1
Renfrewshire,PA9 1AE,55.81564094,-4.54613811,25,IVS,31,5,small,6
Renfrewshire,PA2 9BQ,55.83299833,-4.46088956,15,MVS,1,5,small,1
Renfrewshire,PA2 9QP,55.83062842,-4.45984555,18,MVS,5,2,small,1
Renfrewshire,PA2 9QR,55.82910012,-4.45941369,18,MVS,5,2,small,1
Renfrewshire,PA2 7AR,55.83925948,-4.38303603,15,NA,31,5,small,6
Renfrewshire,PA2 7BA,55.84061012,-4.39816518,18,MVS,0,2,small,1
Renfrewshire,PA2 7BE,55.83810157,-4.39729194,18,MVS,0,2,small,1
Renfrewshire,PA2 7BQ,55.83601594,-4.39547061,18,MVS,0,2,small,1
Renfrewshire,PA2 7FT,55.83705681,-4.39740331,18,MVS,0,2,small,1
Glasgow,G81 6AD,55.92150987,-4.40825107,16,MVS,0,4,small,1
Glasgow,G46 7RX,55.80729404,-4.3170059,15,MVS,0,5,small,1
Glasgow,G43 1BB,55.81404456,-4.32743117,17,MVS,6,3,small,1
Glasgow,G43 1BD,55.81406281,-4.3274163,17,MVS,6,3,small,1
Glasgow,G43 1BE,55.81581148,-4.32239678,17,MVS,6,3,small,1
Glasgow,G46 8HN,55.81289905,-4.32527184,19,MVS,1,1,small,1
Glasgow,G46 8PR,55.81276204,-4.32491252,19,MVS,1,1,small,1
Glasgow,G14 0AP,55.87700028,-4.35402862,19,MVS,0,1,small,1
Glasgow,G14 0HB,55.87603628,-4.35508937,19,MVS,0,1,small,1
Glasgow,G14 0AQ,55.87606726,-4.35159002,19,MVS,0,1,small,1
Glasgow,G14 0AT,55.8765275,-4.3491398,17,MVS,0,3,small,1
Glasgow,G14 0DQ,55.87707149,-4.34842124,17,MVS,0,3,small,1
Glasgow,G14 0YU,55.88622107,-4.35968834,17,MVS,0,3,small,1
Glasgow,G1  1HD,55.85887843,-4.24848657,18,MVS,16,2,small,1
Glasgow,G1  1SH,55.85901893,-4.24817509,18,MVS,16,2,small,1
Glasgow,G1  1SL,55.85775385,-4.24854942,18,MVS,16,2,small,1
Glasgow,G1  1TD,55.85836571,-4.24703475,18,MVS,16,2,small,1
Glasgow,G1  1UL,55.85778042,-4.24906229,18,MVS,16,2,small,1
Glasgow,G1  5EL,55.85751728,-4.24821616,18,MVS,16,2,small,1
Glasgow,G1  5RY,55.85758933,-4.2486997,18,MVS,16,2,small,1
Glasgow,G2  8AA,55.85775743,-4.24982797,18,MVS,16,2,large,1
Glasgow,G1  5HN,55.85419318,-4.24962191,18,MVS,16,2,small,1
Glasgow,G1  5HT,55.85508952,-4.24975362,18,MVS,16,2,small,1
Glasgow,G1  5HU,55.8550012,-4.24966862,18,MVS,16,2,small,1
Glasgow,G1  5HZ,55.85465486,-4.24944088,18,MVS,16,2,small,1
Glasgow,G72 8ZE,55.80499422,-4.17784558,16,NA,20,4,small,6
Glasgow,G5  0TT,55.84217,-4.24852783,19,MVS,2,1,small,1
Glasgow,G5  0LJ,55.84048764,-4.23926261,17,MVS,1,3,small,1
Glasgow,G5  0UG,55.84001751,-4.24680632,19,MVS,2,1,small,1
Glasgow,G42 0PA,55.83503734,-4.24637527,19,MVS,1,1,small,1
Glasgow,G42 0PG,55.83455416,-4.24133287,19,MVS,1,1,small,1
Glasgow,G42 0PT,55.83527408,-4.2452231,19,MVS,1,1,small,1
Glasgow,G45 0JS,55.79907319,-4.229385,19,MVS,0,1,small,1
Glasgow,G72 8FD,55.80692595,-4.175847,19,MVS,0,1,small,1
Glasgow,G72 8PH,55.80767505,-4.17871347,19,MVS,0,1,small,1
Glasgow,G72 8QH,55.80742472,-4.17914632,19,MVS,0,1,small,1
Glasgow,G72 8QJ,55.80811775,-4.1790893,19,MVS,0,1,small,1
Glasgow,G5  0PQ,55.85078113,-4.24600572,19,MVS,1,1,small,1
Glasgow,G5  0YL,55.85169513,-4.24615433,19,MVS,1,1,small,1
Glasgow,G5  0YP,55.85029335,-4.2466326,19,MVS,1,1,small,1
Glasgow,G5  0YX,55.85116088,-4.24784898,19,MVS,1,1,small,1
Glasgow,G5  0UT,55.84852238,-4.24370271,19,MVS,0,1,small,1
Glasgow,G45 9RY,55.80578857,-4.2480409,16,MVS,1,4,small,1
Glasgow,G45 9SP,55.80204673,-4.2599681,16,NA,1,4,small,6
Glasgow,G45 9SR,55.80040895,-4.25567678,16,MVS,1,4,small,1
Glasgow,G45 9SS,55.80382943,-4.25147045,16,MVS,1,4,small,1
Glasgow,G45 9SA,55.80588202,-4.24882824,16,MVS,1,4,small,1
Glasgow,G44 5TA,55.80508183,-4.26158023,16,NA,1,4,small,6
Glasgow,G73 1LJ,55.83012485,-4.22094241,19,MVS,2,1,small,1
Glasgow,G72 8LZ,55.80830276,-4.1757483,19,MVS,0,1,small,1
Glasgow,G41 1PU,55.84719564,-4.25579921,19,MVS,1,1,small,1
Glasgow,G42 7BE,55.84800472,-4.2548077,19,MVS,1,1,small,1
Glasgow,G42 7BH,55.84467089,-4.25526954,19,MVS,1,1,small,1
Glasgow,G5  9QB,55.84854507,-4.25670815,18,MVS,21,2,small,1
Glasgow,G5  9QJ,55.8483364,-4.25877287,18,MVS,21,2,small,1
Glasgow,G5  9QX,55.84825524,-4.25633988,18,MVS,21,2,small,1
Glasgow,G72 8RL,55.80628968,-4.14145414,16,NA,20,4,small,6
Glasgow,G76 9EZ,55.79181689,-4.2111676,26,MVS,20,4,small,6
Glasgow,G5  9ZR,55.84876473,-4.25109744,18,MVS,21,2,small,1
Glasgow,G73 4LJ,55.81674765,-4.21767391,17,MVS,0,3,small,1
Glasgow,G45 0NG,55.81250946,-4.22094412,19,MVS,0,1,small,1
Glasgow,G73 4LL,55.81575654,-4.21731423,17,MVS,0,3,small,1
Glasgow,G72 8UR,55.81137504,-4.14565964,18,MVS,0,2,small,1
Glasgow,G72 8YP,55.80655908,-4.14713401,16,NA,20,4,small,6
Glasgow,G42 0PH,55.83442602,-4.24589285,19,MVS,1,1,small,1
Glasgow,G42 0PL,55.83396855,-4.2473197,19,MVS,1,1,small,1
Glasgow,G42 0PW,55.83393083,-4.2479084,19,MVS,1,1,small,1
Glasgow,G42 8BA,55.83199482,-4.24958517,17,MVS,0,3,small,1
Glasgow,G45 9AH,55.80610917,-4.23637802,19,MVS,0,1,small,1
Glasgow,G45 9BE,55.80533154,-4.23663661,18,MVS,0,2,small,1
Glasgow,G45 9BL,55.80543545,-4.23833411,18,MVS,0,2,small,1
Glasgow,G5  0LX,55.84040084,-4.23761248,17,MVS,1,3,small,1
Glasgow,G42 8NE,55.83692221,-4.26561706,18,MVS,0,2,small,1
Glasgow,G73 4SE,55.798157,-4.20844779,16,NA,20,4,small,6
Glasgow,G73 5RG,55.79396569,-4.19608618,16,NA,20,4,small,6
Glasgow,G45 0QA,55.79840738,-4.23635117,26,MVS,1,4,small,6
Glasgow,G45 9LL,55.79892202,-4.23671574,19,MVS,0,1,small,1
Glasgow,G73 5ES,55.80873019,-4.19064593,19,MVS,0,1,small,1
Glasgow,G45 0ND,55.8119178,-4.22483668,19,MVS,0,1,small,1
Glasgow,G73 2DT,55.82546241,-4.22629665,16,MVS,0,4,small,1
Glasgow,G5  9NT,55.85087099,-4.25925547,15,MVS,2,5,small,1
Glasgow,G5  9QD,55.84892595,-4.25652255,18,MVS,21,2,small,1
Glasgow,G5  9QE,55.84923471,-4.25634873,18,MVS,21,2,small,1
Glasgow,G5  9QF,55.84946101,-4.25577074,18,MVS,21,2,small,1
Glasgow,G5  9QL,55.84966711,-4.25629392,18,MVS,21,2,small,1
Glasgow,G5  9RB,55.84954492,-4.25462533,18,MVS,21,2,small,1
Glasgow,G5  9RD,55.84855969,-4.25444046,18,MVS,21,2,small,1
Glasgow,G5  9RE,55.85030767,-4.25665058,18,MVS,21,2,small,1
Glasgow,G73 2BQ,55.82338493,-4.22537968,16,MVS,0,4,small,1
Glasgow,G73 1AE,55.83418343,-4.20817464,16,MVS,1,4,small,1
Glasgow,G73 1EE,55.83149042,-4.21049707,19,MVS,0,1,small,1
Glasgow,G73 1NP,55.83322446,-4.21102665,19,MVS,0,1,small,1
Glasgow,G72 8YJ,55.79847299,-4.16492501,16,NA,20,4,small,6
Glasgow,G72 8YU,55.79952797,-4.1647283,26,MVS,20,4,small,6
Glasgow,G42 8EN,55.83489491,-4.26101154,18,MVS,0,2,small,1
Glasgow,G72 8YH,55.79836896,-4.17082247,16,NA,20,4,small,6
Glasgow,G72 8YL,55.79636106,-4.17205084,16,NA,20,4,small,6
Glasgow,G72 8YZ,55.80336262,-4.17812145,16,NA,20,4,small,6
Glasgow,G72 8ZA,55.80372402,-4.17801399,26,MVS,20,4,small,6
Glasgow,G72 8ZB,55.80310106,-4.17868128,16,NA,20,4,small,6
Glasgow,G72 8ZD,55.80422558,-4.17658991,16,NA,20,4,small,6
Glasgow,G72 8ZF,55.80457669,-4.17554037,16,NA,20,4,small,6
Glasgow,G72 8ZG,55.80510416,-4.17569746,16,NA,20,4,small,6
Glasgow,G72 8ZH,55.80499534,-4.17524458,16,NA,20,4,small,6
Glasgow,G74 4GY,55.7913248,-4.18643017,26,MVS,20,4,small,6
Glasgow,G73 5RE,55.7980535,-4.18406319,26,MVS,20,4,small,6
Glasgow,G42 7AT,55.84060798,-4.2577495,19,MVS,1,1,small,1
Glasgow,G42 7AY,55.84078364,-4.25699301,19,MVS,1,1,small,1
Glasgow,G44 5LX,55.81464265,-4.22722684,15,MVS,0,5,small,1
Glasgow,G44 5LY,55.81318381,-4.22639331,15,MVS,0,5,small,1
Glasgow,G44 5NB,55.81290236,-4.22754238,15,MVS,0,5,small,1
Glasgow,G44 5QG,55.81456512,-4.22952087,15,MVS,0,5,small,1
Glasgow,G45 0NT,55.80623548,-4.23140632,19,MVS,0,1,small,1
Glasgow,G44 4LB,55.82018893,-4.23459987,15,MVS,2,5,small,1
Glasgow,G44 4LH,55.81973625,-4.23478144,15,MVS,2,5,small,1
Glasgow,G5  0AB,55.83979755,-4.23816877,17,MVS,1,3,small,1
Glasgow,G5  0AZ,55.83901687,-4.23414696,17,MVS,1,3,small,1
Glasgow,G5  0BH,55.83733388,-4.2357593,17,MVS,1,3,small,1
Glasgow,G5  0GT,55.83834147,-4.23521024,17,MVS,1,3,small,1
Glasgow,G5  0GY,55.83946838,-4.23452425,17,MVS,1,3,small,1
Glasgow,G5  0HD,55.83845793,-4.24066317,17,MVS,1,3,small,1
Glasgow,G5  0XR,55.83739474,-4.23339909,17,MVS,1,3,small,1
Glasgow,G5  0YD,55.83659856,-4.23517408,17,MVS,1,3,small,1
Glasgow,G5  0AN,55.83994942,-4.22931305,17,MVS,1,3,small,1
Glasgow,G5  0AW,55.83785697,-4.23170072,17,MVS,1,3,large,1
Glasgow,G5  0BJ,55.83876376,-4.23125757,17,MVS,1,3,small,1
Glasgow,G73 1UG,55.83338958,-4.22826684,19,MVS,2,1,small,1
Glasgow,G73 1UZ,55.83685099,-4.22621303,19,MVS,2,1,small,1
Glasgow,G73 1SA,55.83588337,-4.22604592,19,MVS,2,1,small,1
Glasgow,G73 1SP,55.83341465,-4.2253938,19,MVS,2,1,small,1
Glasgow,G73 1SR,55.83512858,-4.22504458,19,MVS,2,1,large,1
Glasgow,G73 1SU,55.83449263,-4.22591852,19,MVS,2,1,small,1
Glasgow,G73 1TN,55.83218296,-4.22193805,19,MVS,2,1,large,1
Glasgow,G72 7NG,55.81590737,-4.15475199,18,MVS,0,2,small,1
Glasgow,G72 7NT,55.81683631,-4.159177,18,MVS,0,2,small,1
Glasgow,G73 1JP,55.82925203,-4.21651754,19,MVS,2,1,small,1
Glasgow,G73 1LS,55.82922194,-4.21918241,19,MVS,2,1,small,1
Glasgow,G72 8WS,55.80802062,-4.14938487,16,NA,20,4,small,6
Glasgow,G72 8WW,55.80775714,-4.14697657,16,NA,20,4,small,6
Glasgow,G72 8YW,55.80419254,-4.1508972,16,NA,20,4,small,6
Glasgow,G72 8ZJ,55.80839152,-4.15181508,26,MVS,20,4,small,6
Glasgow,G72 8ZL,55.80828,-4.15048436,16,NA,20,4,small,6
Glasgow,G73 2NQ,55.82246238,-4.22023423,16,MVS,1,4,small,1
Glasgow,G73 5HQ,55.80842056,-4.187341,19,MVS,0,1,small,1
Glasgow,G73 2LP,55.82678375,-4.21533928,19,MVS,0,1,small,1
Glasgow,G73 4PZ,55.81327177,-4.22500973,18,MVS,0,2,small,1
Glasgow,G42 7AF,55.84040194,-4.2596702,19,MVS,1,1,small,1
Glasgow,G42 7AD,55.8427977,-4.26183785,19,MVS,1,1,small,1
Glasgow,G44 5LF,55.81133217,-4.23284721,15,MVS,0,5,small,1
Glasgow,G72 7TS,55.82721458,-4.19331384,18,MVS,0,2,small,1
Glasgow,G73 1PT,55.8288394,-4.19442723,18,MVS,0,2,small,1
Glasgow,G5  9DW,55.85123772,-4.25298193,18,MVS,21,2,small,1
Glasgow,G5  9PS,55.85152598,-4.25245541,18,MVS,21,2,large,1
Glasgow,G5  9TA,55.85255247,-4.25185975,18,MVS,4,2,small,1
Glasgow,G5  9XB,55.85195518,-4.24864577,18,MVS,4,2,large,1
Glasgow,G5  9YN,55.85223628,-4.24949282,18,MVS,4,2,small,1
Glasgow,G5  9AR,55.85111841,-4.25605852,15,MVS,2,5,small,1
Glasgow,G5  9AW,55.85113364,-4.25669847,15,MVS,2,5,small,1
Glasgow,G5  9DA,55.85299643,-4.25362698,18,MVS,4,2,small,1
Glasgow,G5  9TD,55.85441476,-4.2576397,18,MVS,4,2,small,1
Glasgow,G42 0AG,55.83255389,-4.23963683,19,MVS,1,1,small,1
Glasgow,G42 0AL,55.83251891,-4.23859684,19,MVS,1,1,small,1
Glasgow,G42 0HS,55.83221111,-4.23723777,19,MVS,1,1,small,1
Glasgow,G42 0HU,55.8325393,-4.23550003,19,MVS,1,1,small,1
Glasgow,G42 0JF,55.82946995,-4.23526001,17,MVS,0,3,small,1
Glasgow,G42 0LB,55.82974661,-4.24030575,19,MVS,1,1,small,1
Glasgow,G42 0LF,55.83004217,-4.23740061,19,MVS,25,1,small,1
Glasgow,G42 0LG,55.83135387,-4.23643801,19,MVS,25,1,small,1
Glasgow,G42 0NE,55.83109231,-4.2374769,19,MVS,25,1,small,1
Glasgow,G42 0NG,55.83134805,-4.23725207,19,MVS,25,1,small,1
Glasgow,G42 0NH,55.83039403,-4.23782003,19,MVS,25,1,small,1
Glasgow,G42 0NJ,55.83079907,-4.2402545,19,MVS,1,1,small,1
Glasgow,G42 0QT,55.83965599,-4.25330201,19,MVS,1,1,small,1
Glasgow,G42 8XW,55.83473359,-4.26342961,17,MVS,3,3,small,1
Glasgow,G45 9UG,55.80547291,-4.23083606,19,MVS,0,1,small,1
Glasgow,G42 7BY,55.83770499,-4.25726176,18,MVS,0,2,small,1
Glasgow,G73 1DG,55.82920509,-4.20913789,19,MVS,0,1,large,1
Glasgow,G73 1DQ,55.82911139,-4.20985111,19,MVS,0,1,small,1
Glasgow,G73 1DS,55.82941622,-4.21239128,19,MVS,0,1,small,1
Glasgow,G73 2HB,55.82868397,-4.21362707,19,MVS,0,1,large,1
Glasgow,G73 2HH,55.82866885,-4.21147063,19,MVS,0,1,small,1
Glasgow,G73 2LS,55.82764456,-4.21195536,19,MVS,0,1,small,1
Glasgow,G72 7EA,55.8219296,-4.168511,19,MVS,0,1,small,1
Glasgow,G72 7EB,55.8211495,-4.17400711,18,MVS,0,2,small,1
Glasgow,G72 7HX,55.8209305,-4.16757738,19,MVS,0,1,small,1
Glasgow,G72 7JF,55.82110314,-4.1638993,15,MVS,8,5,small,1
Glasgow,G73 2DP,55.81782679,-4.21564418,15,MVS,5,5,small,1
Glasgow,G73 2TL,55.82181194,-4.21793021,16,MVS,1,4,small,1
Glasgow,G45 9DW,55.80527453,-4.24173984,18,MVS,0,2,small,1
Glasgow,G5  0SZ,55.84620403,-4.24860109,19,MVS,2,1,small,1
Glasgow,G72 7BU,55.822308,-4.18116,17,MVS,0,3,small,1
Glasgow,G31 2UH,55.86199261,-4.20904959,19,MVS,0,1,small,1
Glasgow,G33 1PX,55.89658303,-4.17940944,15,NA,3,5,small,6
Glasgow,G21 3HA,55.87926255,-4.20274017,19,MVS,3,1,small,1
Glasgow,G21 3HB,55.87923173,-4.20345789,19,MVS,3,1,small,1
Glasgow,G21 3HN,55.88177357,-4.20705559,19,MVS,0,1,small,1
Glasgow,G21 2DN,55.87388394,-4.20898969,19,MVS,3,1,small,1
Glasgow,G31 1LQ,55.85682711,-4.20391477,19,MVS,0,1,small,1
Glasgow,G31 1NZ,55.85708764,-4.20893092,18,MVS,0,2,small,1
Glasgow,G33 1AQ,55.89114385,-4.18255885,15,MVS,3,5,small,1
Glasgow,G33 1JN,55.88739533,-4.18968837,25,MVS,3,5,small,6
Glasgow,G31 2HX,55.85985642,-4.22286295,15,MVS,0,5,small,1
Glasgow,G31 2LD,55.8588933,-4.22095428,15,MVS,0,5,small,1
Glasgow,G31 4BH,55.85509296,-4.20840227,19,MVS,12,1,small,1
Glasgow,G31 1HJ,55.8549148,-4.21531065,19,MVS,0,1,small,1
Glasgow,G40 2BZ,55.85222129,-4.22908926,19,MVS,4,1,small,1
Glasgow,G40 2RH,55.851603,-4.23196162,16,MVS,0,4,small,1
Glasgow,G21 1AA,55.87496977,-4.22404652,19,MVS,0,1,large,1
Glasgow,G21 1AL,55.87319378,-4.23080278,19,MVS,0,1,small,1
Glasgow,G21 1YX,55.87531111,-4.22803069,18,MVS,0,2,large,1
Glasgow,G40 4RX,55.8403276,-4.20935362,19,MVS,0,1,small,1
Glasgow,G21 1BU,55.88334064,-4.22732362,19,MVS,2,1,large,1
Glasgow,G21 1DA,55.8816195,-4.23352472,19,MVS,0,1,small,1
Glasgow,G21 1DL,55.88167367,-4.23301618,18,MVS,1,2,small,1
Glasgow,G21 1DX,55.88339977,-4.22951762,19,MVS,2,1,small,1
Glasgow,G21 1JY,55.88407255,-4.23008388,19,MVS,2,1,small,1
Glasgow,G21 1TE,55.88338935,-4.22959697,19,MVS,2,1,small,1
Glasgow,G21 1TH,55.88345741,-4.2312958,19,MVS,0,1,small,1
Glasgow,G21 1TP,55.88354543,-4.22842267,19,MVS,2,1,large,1
Glasgow,G21 1TS,55.88352168,-4.22824542,19,MVS,2,1,small,1
Glasgow,G21 1TU,55.88225869,-4.22950014,19,MVS,2,1,small,1
Glasgow,G40 4LA,55.84853408,-4.22574691,19,MVS,0,1,small,1
Glasgow,G40 3HU,55.84553944,-4.20589546,19,MVS,0,1,small,1
Glasgow,G33 1HP,55.88180645,-4.19567324,18,MVS,0,2,small,1
Glasgow,G33 1HT,55.88191257,-4.19224159,18,MVS,0,2,small,1
Glasgow,G21 3BW,55.88095137,-4.2017806,19,MVS,0,1,small,1
Glasgow,G1  5NB,55.85600634,-4.24335126,17,MVS,0,3,small,1
Glasgow,G4  0BY,55.86717867,-4.24132636,15,MVS,40,5,small,1
Glasgow,G4  0ED,55.86869271,-4.24208493,15,MVS,40,5,large,1
Glasgow,G4  0EE,55.86801682,-4.24119884,15,MVS,40,5,small,1
Glasgow,G4  0PT,55.86869271,-4.24208493,15,MVS,40,5,small,1
Glasgow,G2  1DU,55.8687476,-4.24351066,15,MVS,40,5,large,1
Glasgow,G4  0AA,55.8687476,-4.24351066,15,MVS,40,5,large,1
Glasgow,G4  0AD,55.8695835,-4.24990461,15,MVS,40,5,small,1
Glasgow,G4  0AX,55.86934847,-4.2489959,15,MVS,40,5,small,1
Glasgow,G4  0BZ,55.8675116,-4.24278405,15,MVS,40,5,small,1
Glasgow,G4  0DB,55.86679332,-4.24323811,15,MVS,40,5,small,1
Glasgow,G4  0DS,55.86856002,-4.24541789,15,MVS,40,5,small,1
Glasgow,G4  0DT,55.86716529,-4.24501771,15,MVS,40,5,large,1
Glasgow,G4  0DU,55.86693011,-4.24510004,15,MVS,40,5,small,1
Glasgow,G4  0DW,55.86724736,-4.24396756,15,MVS,40,5,small,1
Glasgow,G4  0DY,55.86715215,-4.24327479,15,MVS,40,5,small,1
Glasgow,G4  0DZ,55.86721989,-4.24350246,15,MVS,40,5,small,1
Glasgow,G4  0JE,55.86777163,-4.24823342,15,MVS,40,5,small,1
Glasgow,G4  0JF,55.86864651,-4.24855572,15,MVS,40,5,small,1
Glasgow,G4  0XB,55.86895073,-4.24764623,15,MVS,40,5,small,1
Glasgow,G4  0XG,55.86920794,-4.24734142,15,MVS,40,5,small,1
Glasgow,G4  0XH,55.86940983,-4.24711332,15,MVS,40,5,small,1
Glasgow,G21 4EA,55.87915076,-4.2214558,18,MVS,1,2,small,1
Glasgow,G21 4PR,55.88057322,-4.22380746,19,MVS,0,1,small,1
Glasgow,G31 1QQ,55.85798843,-4.2148145,18,MVS,0,2,small,1
Glasgow,G31 1QS,55.85710653,-4.21687353,18,MVS,0,2,large,1
Glasgow,G40 1HT,55.84640613,-4.23059334,19,MVS,0,1,small,1
Glasgow,G21 3RT,55.89708133,-4.20491792,19,MVS,0,1,small,1
Glasgow,G21 3RX,55.89725354,-4.20182458,19,MVS,0,1,small,1
Glasgow,G31 1BQ,55.85793136,-4.22991172,17,MVS,0,3,small,1
Glasgow,G31 1RZ,55.85813327,-4.22372327,17,MVS,0,3,small,1
Glasgow,G40 4JR,55.8392623,-4.21611306,19,MVS,2,1,small,1
Glasgow,G21 4PB,55.8777114,-4.21005446,19,MVS,0,1,large,1
Glasgow,G4  0SA,55.86495331,-4.23570024,19,MVS,0,1,small,1
Glasgow,G31 2ER,55.86524936,-4.23226506,19,MVS,0,1,large,1
Glasgow,G31 2ET,55.86572717,-4.23515336,19,MVS,0,1,small,1
Glasgow,G64 3QG,55.91768386,-4.23313445,23,IVS,7,7,small,6
Glasgow,G4  0UW,55.85953781,-4.23548494,16,MVS,1,4,small,1
Glasgow,G40 2TR,55.85121752,-4.21998903,19,MVS,4,1,small,1
Glasgow,G40 3QR,55.850684,-4.21468641,19,MVS,1,1,small,1
Glasgow,G40 3QS,55.85030714,-4.21415373,19,MVS,1,1,small,1
Glasgow,G40 3TX,55.84951496,-4.21572223,19,MVS,1,1,small,1
Glasgow,G40 2BH,55.8521679,-4.22608253,19,MVS,4,1,small,1
Glasgow,G40 2QL,55.85009711,-4.2252931,19,MVS,4,1,small,1
Glasgow,G40 3TA,55.84943913,-4.22589452,18,MVS,0,2,small,1
Glasgow,G40 2AQ,55.85459592,-4.21754539,19,MVS,0,1,small,1
Glasgow,G4  0LT,55.86387673,-4.24201512,17,MVS,1,3,large,1
Glasgow,G4  0NS,55.86376678,-4.24065033,17,MVS,1,3,large,1
Glasgow,G4  0PY,55.86689069,-4.24775096,19,MVS,7,1,small,1
Glasgow,G4  0RF,55.86352145,-4.24424807,17,MVS,1,3,small,1
Glasgow,G40 4ES,55.83667137,-4.2212359,19,MVS,2,1,small,1
Glasgow,G40 4HU,55.83779038,-4.22048521,19,MVS,2,1,small,1
Glasgow,G40 4HW,55.83801512,-4.22048205,19,MVS,2,1,small,1
Glasgow,G40 4JD,55.8393133,-4.22175396,19,MVS,2,1,small,1
Glasgow,G40 3HG,55.84699565,-4.20738376,19,MVS,0,1,small,1
Glasgow,G40 4HG,55.84013722,-4.21843088,19,MVS,2,1,small,1
Glasgow,G21 1XG,55.89437669,-4.23329828,15,MVS,0,5,small,1
Glasgow,G40 1AB,55.85390817,-4.23814938,15,MVS,0,5,small,1
Glasgow,G40 1DW,55.8497816,-4.23278378,15,MVS,0,5,small,1
Glasgow,G40 1EE,55.849589,-4.23349165,15,MVS,0,5,small,1
Glasgow,G21 2QA,55.87202799,-4.22669167,19,MVS,0,1,small,1
Glasgow,G33 1FA,55.89952388,-4.18031024,15,NA,3,5,small,6
Glasgow,G33 1FB,55.89933803,-4.17913208,15,NA,3,5,small,6
Glasgow,G33 1FD,55.8988209,-4.17737551,25,MVS,3,5,small,6
Glasgow,G33 1FE,55.89777107,-4.17677283,15,NA,3,5,small,6
Glasgow,G33 1PH,55.89861313,-4.18200268,15,NA,3,5,small,6
Glasgow,G33 1PJ,55.89828252,-4.1808804,15,NA,3,5,small,6
Glasgow,G33 1PN,55.89807775,-4.17874149,25,MVS,3,5,small,6
Glasgow,G33 1PP,55.89824839,-4.18027065,15,NA,3,5,small,6
Glasgow,G33 1PQ,55.89719816,-4.17867617,25,MVS,3,5,small,6
Glasgow,G33 1PS,55.8970639,-4.17966034,15,NA,3,5,small,6
Glasgow,G33 1PU,55.89752292,-4.17962211,15,NA,3,5,small,6
Glasgow,G31 2NL,55.862197,-4.22165427,15,MVS,0,5,small,1
Glasgow,G1  5NA,55.85620177,-4.24396971,17,MVS,0,3,small,1
Glasgow,G40 3QZ,55.84965007,-4.21271047,19,MVS,1,1,small,1
Glasgow,G20 9ET,55.8904066,-4.28312768,18,MVS,0,2,small,1
Glasgow,G20 9EU,55.89079709,-4.28291072,17,MVS,0,3,small,1
Glasgow,G20 9HB,55.88938516,-4.27956531,17,MVS,0,3,small,1
Glasgow,G33 1BA,55.87470469,-4.18820639,19,MVS,5,1,small,1
Glasgow,G33 1AX,55.87503001,-4.18760123,19,MVS,5,1,small,1
Glasgow,G33 1BD,55.87514719,-4.18808741,19,MVS,5,1,small,1
Glasgow,G33 1DE,55.87544903,-4.19082208,19,MVS,5,1,small,1
Glasgow,G33 1AB,55.88234921,-4.17167212,19,MVS,13,1,small,1
Glasgow,G33 1AE,55.88211011,-4.16841298,15,MVS,3,5,small,1
Glasgow,G33 1AF,55.88222525,-4.17411153,25,MVS,3,5,small,6
Glasgow,G32 6DR,55.85687439,-4.18817834,17,MVS,0,3,small,1
Glasgow,G32 6FB,55.8559973,-4.1839267,17,MVS,0,3,small,1
Glasgow,G32 6FG,55.855605250000004,-4.18727611,17,MVS,0,3,small,1
Glasgow,G32 6AT,55.85513621,-4.17622491,19,MVS,2,1,small,1
Glasgow,G32 6DZ,55.85835406,-4.18583268,19,MVS,15,1,small,1
Glasgow,G32 6AU,55.85924197,-4.18644185,17,MVS,13,3,small,1
Glasgow,G32 6EX,55.85951509,-4.18725619,17,MVS,13,3,small,1
Glasgow,G32 6DJ,55.85835943,-4.1920969,19,MVS,3,1,small,1
Glasgow,G32 6FD,55.8557284,-4.19348261,19,MVS,3,1,small,1
Glasgow,G32 6FH,55.85619388,-4.19560203,19,MVS,3,1,small,1
Glasgow,G32 6JP,55.85926116,-4.19444878,17,MVS,13,3,small,1
Glasgow,G33 5AF,55.87521678,-4.14689485,15,MVS,0,5,small,1
Glasgow,G33 5HZ,55.87621022,-4.14404015,16,MVS,12,4,small,1
Glasgow,G33 5AQ,55.87151269,-4.1454276,19,MVS,0,1,small,1
Glasgow,G33 5ER,55.87135796,-4.15222848,17,MVS,12,3,small,1
Glasgow,G33 5EX,55.8720499,-4.15274632,17,MVS,12,3,small,1
Glasgow,G33 5HD,55.87610236,-4.14146038,16,MVS,12,4,small,1
Glasgow,G33 5HE,55.87590558,-4.13778866,16,MVS,12,4,small,1
Glasgow,G33 5BN,55.87407963,-4.14974147,15,MVS,0,5,small,1
Glasgow,G33 5EG,55.87168871,-4.14409459,19,MVS,0,1,small,1
Glasgow,G33 5EU,55.87233965,-4.15159545,17,MVS,12,3,small,1
Glasgow,G33 5FB,55.87423975,-4.15189241,17,MVS,12,3,small,1
Glasgow,G34 9NE,55.87075395,-4.12545338,19,MVS,0,1,small,1
Glasgow,G34 9NP,55.8704564,-4.12498956,19,MVS,0,1,small,1
Glasgow,G34 9QP,55.8715168,-4.12343306,19,MVS,0,1,small,1
Glasgow,G34 9QG,55.87332115,-4.12511412,19,MVS,0,1,small,1
Glasgow,G34 9DP,55.86779929,-4.12220721,19,MVS,3,1,small,1
Glasgow,G34 9DT,55.8684597,-4.12195554,19,MVS,3,1,small,1
Glasgow,G34 9EE,55.86501029,-4.11873084,19,NA,3,1,small,6
Glasgow,G34 9HQ,55.86892922,-4.12599301,19,MVS,0,1,large,1
Glasgow,G34 9JJ,55.86830945,-4.12805293,19,MVS,0,1,small,1
Glasgow,G32 6XH,55.85462342,-4.16811148,19,MVS,2,1,small,1
Glasgow,G32 6XL,55.85497805,-4.16838689,19,MVS,2,1,small,1
Glasgow,G32 0PA,55.85424506,-4.16305747,17,MVS,0,3,small,1
Glasgow,G32 0DP,55.85745571,-4.16139836,18,MVS,1,2,small,1
Glasgow,G32 0NG,55.85527871,-4.16202841,18,MVS,1,2,small,1
Glasgow,G69 6RR,55.85390973,-4.11881351,15,MVS,0,5,small,1
Glasgow,G31 4BJ,55.84820391,-4.19561462,16,MVS,0,4,small,1
Glasgow,G69 7AE,55.84830433,-4.11814097,19,MVS,0,1,small,1
Glasgow,G69 7AG,55.84654353,-4.12175119,18,MVS,0,2,small,1
Glasgow,G69 7FH,55.84852793,-4.09669869,22,MVS,1,8,small,6
Glasgow,G69 7HB,55.84687886,-4.11061935,19,MVS,0,1,small,1
Glasgow,G69 7JT,55.84960121,-4.10646956,18,MVS,0,2,small,1
Glasgow,G69 7XZ,55.84863824,-4.10707243,15,MVS,0,5,small,1
Glasgow,G69 6DF,55.85255923,-4.11268482,15,MVS,0,5,small,1
Glasgow,G69 6DS,55.85279551,-4.10939045,15,MVS,0,5,small,1
Glasgow,G69 6AN,55.85388398,-4.10460835,18,MVS,0,2,small,1
Glasgow,G69 7EN,55.84673002,-4.11666554,19,MVS,0,1,small,1
Glasgow,G71 7FP,55.84443816,-4.0993696,22,MVS,1,8,small,6
Glasgow,G71 7FQ,55.8437914,-4.09987781,22,MVS,1,8,small,6
Glasgow,G71 7FR,55.84493936,-4.09896534,22,MVS,1,8,small,6
Glasgow,G71 7SW,55.8441896,-4.10339742,22,MVS,1,8,small,6
Glasgow,G71 7UY,55.84582451,-4.10449211,22,MVS,1,8,small,6
Glasgow,G69 7AD,55.84888986,-4.11649543,19,MVS,0,1,small,1
Glasgow,G69 7JA,55.84949759,-4.11355705,19,MVS,0,1,small,1
Glasgow,G69 6AF,55.85154701,-4.10830031,18,MVS,0,2,small,1
Glasgow,G69 6AH,55.85112364,-4.10835725,18,MVS,0,2,small,1
Glasgow,G69 6SL,55.85005811,-4.11127101,18,MVS,0,2,small,1
Glasgow,G69 7EX,55.8498094,-4.10900497,15,MVS,0,5,small,1
Glasgow,G69 7HL,55.85040477,-4.10520304,18,MVS,0,2,small,1
Glasgow,G71 5PJ,55.84099138,-4.09806573,23,MVS,4,7,small,6
Glasgow,G71 6NG,55.8359501,-4.1006687,25,IVS,4,5,small,6
Glasgow,G71 7RT,55.83635371,-4.10806862,24,MVS,2,6,small,6
Glasgow,G71 7RU,55.83354007,-4.1149107,24,MVS,2,6,small,6
Glasgow,G71 7TS,55.83644298,-4.10390527,25,IVS,4,5,small,6
Glasgow,G32 9EE,55.84882897,-4.15262813,18,MVS,0,2,small,1
Glasgow,G32 8NJ,55.84037624,-4.16824448,16,MVS,0,4,small,1
Glasgow,G32 8XL,55.83728925,-4.16950996,16,MVS,13,4,small,1
Glasgow,G32 7HN,55.85367182,-4.17416183,19,MVS,0,1,small,1
Glasgow,G32 7HZ,55.8523298,-4.17432651,19,MVS,0,1,small,1
Glasgow,G32 7UJ,55.85039161,-4.17059168,19,MVS,0,1,small,1
Glasgow,G32 7JS,55.85230763,-4.16539424,19,MVS,0,1,small,1
Glasgow,G32 7NG,55.85163597,-4.16270477,19,MVS,0,1,small,1
Glasgow,G32 7BW,55.8519447,-4.17577485,17,MVS,0,3,small,1
Glasgow,G40 3RB,55.84889799,-4.20805078,19,MVS,1,1,small,1
Glasgow,G31 4HP,55.85126613,-4.20128327,19,MVS,12,1,small,1
Glasgow,G31 4TF,55.85001696,-4.19675532,19,MVS,15,1,small,1
Glasgow,G31 4UG,55.85083569,-4.19569917,19,MVS,5,1,small,1
Glasgow,G31 5QG,55.85177927,-4.19771753,19,MVS,12,1,small,1
Glasgow,G31 5HJ,55.85227545,-4.18954941,19,MVS,5,1,small,1
Glasgow,G31 5HN,55.85245541,-4.18903229,19,MVS,3,1,small,1
Glasgow,G32 6AA,55.85391568,-4.17866513,17,MVS,0,3,small,1
Glasgow,G31 5JL,55.85425406,-4.19199347,19,MVS,3,1,small,1
Glasgow,G31 5JT,55.85341626,-4.18402152,19,MVS,4,1,small,1
Glasgow,G32 6DS,55.8543387,-4.18875476,19,MVS,3,1,small,1
Glasgow,G32 6FA,55.85393794,-4.18652732,19,MVS,4,1,small,1
Glasgow,G31 4EG,55.85376816,-4.20509962,19,MVS,12,1,small,1
Glasgow,G31 4DJ,55.85169871,-4.19971007,19,MVS,12,1,small,1
Glasgow,G31 4DN,55.85222059,-4.19967566,19,MVS,12,1,small,1
Glasgow,G31 4DR,55.85215743,-4.20069461,19,MVS,12,1,small,1
Glasgow,G31 4DX,55.85354251,-4.20364887,19,MVS,12,1,small,1
Glasgow,G31 4EU,55.8515169,-4.19781455,19,MVS,12,1,small,1
Glasgow,G31 4EX,55.85191221,-4.19882744,19,MVS,12,1,small,1
Glasgow,G31 4HE,55.85103478,-4.19813881,19,MVS,15,1,small,1
Glasgow,G31 4HG,55.85030311,-4.19884837,19,MVS,15,1,small,1
Glasgow,G31 4HX,55.85109919,-4.19855784,19,MVS,12,1,small,1
Glasgow,G31 4ST,55.85106329,-4.19754929,19,MVS,15,1,small,1
Glasgow,G32 8FJ,55.84348928,-4.17771425,19,MVS,0,1,small,1
Glasgow,G32 8RH,55.83769765,-4.1794506,19,MVS,0,1,small,1
Glasgow,G32 8SP,55.83823945,-4.17727692,16,MVS,13,4,small,1
Glasgow,G44 4AH,55.82475819,-4.26192401,16,MVS,9,4,small,1
Glasgow,G44 4BN,55.81840369,-4.26096451,17,MVS,0,3,small,1
Glasgow,G42 9HX,55.82392636,-4.26219502,16,MVS,9,4,small,1
Glasgow,G77 5GQ,55.76220261,-4.35013225,23,MVS,38,7,small,6
Glasgow,G77 5GR,55.76311512,-4.34988429,23,MVS,38,7,small,6
Glasgow,G77 5GT,55.7612011,-4.34986475,23,MVS,38,7,small,6
Glasgow,G77 5GY,55.76138093,-4.35080011,23,MVS,38,7,small,6
Glasgow,G43 1ET,55.82277081,-4.29303641,19,MVS,4,1,small,1
Glasgow,G43 1FA,55.8221509,-4.2944687,19,MVS,4,1,small,1
Glasgow,G43 1QD,55.82361352,-4.29603963,19,MVS,4,1,small,1
Glasgow,G43 1QG,55.82328626,-4.29431204,19,MVS,4,1,small,1
Glasgow,G43 1SB,55.82436581,-4.29570078,19,MVS,4,1,small,1
Glasgow,G43 2AS,55.82125126,-4.26641397,17,MVS,0,3,small,1
Glasgow,G43 2AW,55.82170857,-4.26842018,17,MVS,0,3,small,1
Glasgow,G43 2AX,55.82196333,-4.2677645,17,MVS,0,3,small,1
Glasgow,G43 2HS,55.8192501,-4.26819725,17,MVS,0,3,small,1
Glasgow,G43 2JH,55.81932293,-4.27592791,15,MVS,0,5,small,1
Glasgow,G43 2JS,55.81800277,-4.26906647,15,MVS,0,5,small,1
Glasgow,G43 2PE,55.81845827,-4.27554218,15,MVS,0,5,small,1
Glasgow,G43 2QQ,55.8166923,-4.27772172,15,MVS,0,5,small,1
Glasgow,G43 2PR,55.81561512,-4.27473768,15,MVS,0,5,small,1
Glasgow,G44 3QL,55.80356321,-4.26888033,16,NA,1,4,small,6
Glasgow,G43 1AT,55.82378843,-4.30398486,17,MVS,6,3,small,1
Glasgow,G43 1LQ,55.82261737,-4.30172838,17,MVS,6,3,small,1
Glasgow,G43 1PG,55.82278066,-4.29972641,17,MVS,6,3,small,1
Glasgow,G43 2UZ,55.81458617,-4.30008883,15,MVS,0,5,small,1
Glasgow,G42 9AY,55.82524159,-4.25321864,17,MVS,0,3,large,1
Glasgow,G44 4RX,55.82390762,-4.2548977,17,MVS,0,3,small,1
Glasgow,G42 9HB,55.82325438,-4.25865962,16,MVS,9,4,small,1
Glasgow,G42 9AL,55.82777938,-4.25548905,15,MVS,0,5,small,1
Glasgow,G44 4UD,55.82421647,-4.25422905,17,MVS,0,3,small,1
Glasgow,G46 8NL,55.80574516,-4.32240351,17,MVS,0,3,small,1
Glasgow,G46 8JR,55.80418955,-4.32529494,18,MVS,0,2,large,1
Glasgow,G76 8RD,55.7785839,-4.28793579,20,IVS,13,10,small,6
Glasgow,G76 8QH,55.78047302,-4.2708867,16,MVS,0,4,small,1
Glasgow,G46 8BQ,55.80498538,-4.32835847,18,MVS,0,2,small,1
Glasgow,G77 6GP,55.79163248,-4.33247476,22,MVS,14,8,small,6
Glasgow,G46 7RW,55.80944409,-4.31403749,15,MVS,0,5,small,1
Glasgow,G41 3NN,55.82848405,-4.28401575,16,MVS,2,4,small,1
Glasgow,G41 3RS,55.82864485,-4.28455211,16,MVS,2,4,small,1
Glasgow,G41 3NF,55.82788115,-4.28453925,16,MVS,2,4,large,1
Glasgow,G41 3PG,55.82684286,-4.28527671,16,MVS,2,4,small,1
Glasgow,G81 5HU,55.92944611,-4.38609014,18,MVS,0,2,small,1
Glasgow,G81 6DS,55.92303512,-4.42030289,17,MVS,0,3,small,1
Glasgow,G81 5AU,55.92744167,-4.40181547,18,MVS,0,2,small,1
Glasgow,G81 5AX,55.92747969,-4.40217002,18,MVS,0,2,small,1
Glasgow,G81 5QY,55.92353408,-4.39525086,17,NA,0,3,small,6
Glasgow,G81 6PS,55.9309022,-4.40686474,16,NA,0,4,small,6
Glasgow,G81 3AY,55.91014261,-4.41364266,16,MVS,0,4,small,1
Glasgow,G81 3BJ,55.91002154,-4.41248303,16,MVS,0,4,small,1
Glasgow,G81 3RJ,55.91623583,-4.42144739,17,MVS,0,3,small,1
Glasgow,G81 3LZ,55.9165183,-4.41988059,17,MVS,0,3,small,1
Glasgow,G81 3ND,55.91635144,-4.4141887,17,MVS,0,3,small,1
Glasgow,G81 3AT,55.91121441,-4.41031685,19,MVS,0,1,small,1
Glasgow,G81 3BN,55.91047779,-4.41121523,16,MVS,0,4,small,1
Glasgow,G81 2QB,55.90589478,-4.39921882,16,MVS,1,4,small,1
Glasgow,G81 2LS,55.90672787,-4.39151022,19,MVS,0,1,small,1
Glasgow,G81 2DN,55.91192145,-4.40357576,18,MVS,0,2,small,1
Glasgow,G81 2LN,55.9086154,-4.39335456,19,MVS,0,1,small,1
Glasgow,G81 3QT,55.91197036,-4.42673422,15,MVS,0,5,small,1
Glasgow,G81 3LD,55.91193598,-4.42209138,15,MVS,0,5,small,1
Glasgow,G81 2BW,55.91323292,-4.39992828,19,MVS,0,1,small,1
Glasgow,G81 2AY,55.91417399,-4.40742796,18,MVS,0,2,small,1
Glasgow,G81 2LA,55.90715175,-4.40619262,18,MVS,0,2,small,1
Glasgow,G81 2LE,55.90499967,-4.40823521,18,MVS,0,2,small,1
Glasgow,G81 2RE,55.90363587,-4.389208,17,MVS,0,3,small,1
Glasgow,G81 2XA,55.9039499,-4.39617087,18,MVS,0,2,small,1
Glasgow,G81 2RR,55.90470973,-4.4042174,18,MVS,0,2,small,1
Glasgow,G81 2RZ,55.90425306,-4.40274921,18,MVS,0,2,small,1
Glasgow,G81 2TL,55.90463892,-4.40370104,18,MVS,0,2,small,1
Glasgow,G81 1BZ,55.89729308,-4.39046553,16,MVS,0,4,small,1
Glasgow,G81 1JP,55.89282903,-4.39031886,18,MVS,0,2,small,1
Glasgow,G81 1LX,55.89204865,-4.39023886,18,MVS,0,2,small,1
Glasgow,G81 1LY,55.8934364,-4.38958848,18,MVS,0,2,small,1
Glasgow,G81 1AJ,55.89802836,-4.38823927,16,MVS,0,4,small,1
Glasgow,G13 4BH,55.89309329,-4.37294914,18,MVS,0,2,small,1
Glasgow,G81 4SA,55.90941943,-4.43620764,18,MVS,0,2,small,1
Glasgow,G81 4HX,55.90653613,-4.42610665,18,MVS,0,2,large,1
Glasgow,G81 1EH,55.8925614,-4.38419259,16,MVS,0,4,small,1
Glasgow,G81 1EL,55.89310405,-4.38401795,16,MVS,0,4,small,1
Glasgow,G81 1EZ,55.89454035,-4.38688922,16,MVS,0,4,small,1
Glasgow,G81 1EU,55.89555136,-4.38248859,16,MVS,0,4,small,1
Glasgow,G81 1EA,55.90188622,-4.40474656,18,MVS,0,2,small,1
Glasgow,G81 1TS,55.90192626,-4.40407711,18,MVS,0,2,large,1
Glasgow,G15 6RW,55.90679285,-4.37236211,18,MVS,0,2,small,1
Glasgow,G15 8NB,55.91015368,-4.37239141,19,MVS,1,1,small,1
Glasgow,G15 8NE,55.90953765,-4.37217776,19,MVS,1,1,small,1
Glasgow,G15 8NS,55.90808387,-4.37439305,19,MVS,0,1,small,1
Glasgow,G15 8PT,55.90889863,-4.37455487,19,MVS,1,1,small,1
Glasgow,G15 8TB,55.90755444,-4.37015258,18,MVS,0,2,small,1
Glasgow,G15 8TE,55.90617358,-4.36811634,18,MVS,0,2,small,1
Glasgow,G15 6BN,55.90606655,-4.357774,18,MVS,0,2,small,1
Glasgow,G15 6PS,55.90620956,-4.36250261,18,MVS,0,2,small,1
Glasgow,G15 7QP,55.91257866,-4.35375276,19,MVS,0,1,small,1
Glasgow,G15 7BD,55.91700954,-4.37108189,19,MVS,8,1,small,1
Glasgow,G15 8AH,55.91110888,-4.38296299,18,MVS,0,2,small,1
Glasgow,G15 8AF,55.91093461,-4.38360837,18,MVS,0,2,small,1
Glasgow,G15 8BU,55.91073213,-4.38663627,19,MVS,1,1,small,1
Glasgow,G81 2XT,55.91225467,-4.39061843,15,MVS,0,5,small,1
Glasgow,G15 6BS,55.90673423,-4.35623053,18,MVS,0,2,small,1
Glasgow,G15 7AU,55.91370298,-4.36916765,19,MVS,1,1,small,1
Glasgow,G15 7EJ,55.91352065,-4.36462773,19,MVS,1,1,small,1
Glasgow,G15 7SQ,55.91397729,-4.36705599,19,MVS,1,1,small,1
Glasgow,G15 7AH,55.91579438,-4.37257604,19,MVS,1,1,small,1
Glasgow,G15 7AJ,55.91539776,-4.37170362,19,MVS,1,1,small,1
Glasgow,G61 2BP,55.9217704,-4.30592382,22,MVS,30,8,small,6
Glasgow,G62 6BW,55.94006629,-4.31850904,17,MVS,2,3,small,1
Glasgow,G62 6NB,55.93976137,-4.3156084,17,MVS,2,3,small,1
Glasgow,G81 4SJ,55.92236793,-4.43953339,15,MVS,2,5,small,1
Glasgow,G81 4JS,55.91531723,-4.44246714,15,MVS,0,5,small,1
Glasgow,G13 4AE,55.89216086,-4.36956545,16,MVS,3,4,small,1
Glasgow,G13 3TF,55.889966,-4.36639293,16,MVS,0,4,small,1
Glasgow,G13 1HR,55.88960383,-4.3226624,17,MVS,0,3,small,1
Glasgow,G13 1HS,55.89006811,-4.32377767,17,MVS,0,3,small,1
Glasgow,G13 2YN,55.89226783,-4.33718414,16,MVS,0,4,small,1
Glasgow,G13 2YQ,55.89272832,-4.33849137,16,MVS,0,4,small,1
Glasgow,G13 2XD,55.89058894,-4.33756297,16,MVS,0,4,small,1
Glasgow,G13 1RR,55.88932764,-4.33109002,15,MVS,3,5,small,1
Glasgow,G13 1RX,55.88755887,-4.33336674,15,MVS,3,5,small,1
Glasgow,G13 1UW,55.88718245,-4.33804573,15,MVS,3,5,small,1
Glasgow,G11 6QQ,55.87045557,-4.30235288,18,MVS,0,2,small,1
Glasgow,G11 7BF,55.87172099,-4.32396008,18,MVS,0,2,small,1
Glasgow,G14 0QQ,55.8701864,-4.33617668,18,MVS,0,2,small,1
Glasgow,G14 9RR,55.87319008,-4.33039433,19,MVS,0,1,small,1
Glasgow,G14 0TT,55.87297423,-4.33845431,18,MVS,0,2,small,1
Glasgow,G14 0RR,55.87238968,-4.3365808,18,MVS,0,2,small,1
Glasgow,G20 8TH,55.88668124,-4.28337259,18,MVS,0,2,small,1
Glasgow,G20 9BD,55.88776452,-4.28505141,18,MVS,0,2,small,1
Glasgow,G20 9BQ,55.88801099,-4.28436226,18,MVS,0,2,small,1
Glasgow,G20 8AU,55.89239005,-4.29872619,19,MVS,26,1,small,1
Glasgow,G20 8AX,55.89251484,-4.29878155,19,MVS,26,1,small,1
Glasgow,G20 7BE,55.88006251,-4.26998508,18,MVS,0,2,small,1
Glasgow,G1  1PP,55.86019557,-4.2403328,16,MVS,1,4,small,1
Glasgow,G1  1QB,55.86005683,-4.24054854,16,MVS,1,4,small,1
Glasgow,G22 5LF,55.88443794,-4.25393039,19,MVS,0,1,small,1
Glasgow,G22 5QT,55.87790327,-4.26132158,19,MVS,0,1,small,1
Glasgow,G4  9SP,55.87712085,-4.2608604,18,MVS,1,2,small,1
Glasgow,G22 5AN,55.88114949,-4.25338798,19,MVS,2,1,small,1
Glasgow,G22 5AP,55.881101,-4.25407269,19,MVS,2,1,small,1
Glasgow,G22 5AZ,55.88165548,-4.25471243,19,MVS,2,1,small,1
Glasgow,G22 5BX,55.88200414,-4.25334158,19,MVS,1,1,small,1
Glasgow,G22 5ET,55.88357147,-4.2536403,19,MVS,1,1,small,1
Glasgow,G22 5HG,55.88302675,-4.25001103,19,MVS,1,1,small,1
Glasgow,G22 5HJ,55.8839422,-4.25351788,19,MVS,0,1,small,1
Glasgow,G22 5HT,55.87923878,-4.25564349,19,MVS,2,1,small,1
Glasgow,G22 5ER,55.88333073,-4.25402609,19,MVS,1,1,small,1
Glasgow,G22 5JW,55.88338363,-4.25457282,19,MVS,2,1,small,1
Glasgow,G22 6RN,55.88421965,-4.25505304,19,MVS,0,1,small,1
Glasgow,G22 5DU,55.884746,-4.24198739,19,MVS,0,1,small,1
Glasgow,G20 9NU,55.88952609,-4.26316526,18,MVS,1,2,small,1
Glasgow,G22 5AB,55.88358526,-4.25974929,19,MVS,2,1,small,1
Glasgow,G22 6RU,55.88644387,-4.24597117,17,MVS,0,3,small,1
Glasgow,G4  9AD,55.87169077,-4.26973618,17,MVS,0,3,small,1
Glasgow,G3  6BH,55.87012841,-4.2793796,15,MVS,0,5,small,1
Glasgow,G21 1AE,55.88058318,-4.23615128,19,MVS,0,1,small,1
Glasgow,G21 1RG,55.87494627,-4.23921623,18,MVS,0,2,small,1
Glasgow,G4  0EZ,55.86939594,-4.23702654,15,MVS,40,5,large,1
Glasgow,G4  9SA,55.87368996,-4.2602453,18,MVS,1,2,small,1
Glasgow,G4  9RQ,55.8712596,-4.25996019,18,MVS,1,2,large,1
Glasgow,G4  9PA,55.87033042,-4.26698737,18,MVS,1,2,small,1
Glasgow,G4  9PJ,55.87110664,-4.26680882,18,MVS,1,2,small,1
Glasgow,G21 1BT,55.88138197,-4.2352219,19,MVS,0,1,small,1
Glasgow,G4  0LF,55.87119629,-4.25213988,18,MVS,1,2,small,1
Glasgow,G3  8RH,55.86551062,-4.29234268,18,MVS,0,2,small,1
Glasgow,G3  8UG,55.86127654,-4.27350735,18,MVS,0,2,small,1
Glasgow,G3  7BN,55.86347597,-4.27801491,17,MVS,0,3,small,1
Glasgow,G2  3LG,55.86592452,-4.26904809,15,MVS,13,5,small,1
Glasgow,G2  3LW,55.8662776,-4.26890886,15,MVS,13,5,small,1
Glasgow,G2  3LX,55.86645096,-4.27022958,15,MVS,13,5,small,1
Glasgow,G4  9JT,55.86903596,-4.26114167,19,MVS,7,1,small,1
Glasgow,G3  6PL,55.86731402,-4.26192065,16,MVS,16,4,small,1
Glasgow,G3  6RE,55.86625904,-4.26161956,16,MVS,16,4,small,1
Glasgow,G3  6RF,55.86616192,-4.26201349,16,MVS,16,4,small,1
Glasgow,G1  2GF,55.8638579,-4.25141137,19,MVS,7,1,small,1
Glasgow,G2  3HN,55.86600248,-4.2589515,16,MVS,16,4,large,1
Glasgow,G2  3NW,55.86545531,-4.25203125,19,MVS,7,1,small,1
Glasgow,G2  3PT,55.86636261,-4.25695857,16,MVS,16,4,small,1
Glasgow,G3  6QX,55.86634946,-4.26012242,16,MVS,16,4,small,1
Glasgow,G3  6RN,55.86672272,-4.26035189,16,MVS,16,4,small,1
Glasgow,G3  6RP,55.86637716,-4.26057156,16,MVS,16,4,large,1
Glasgow,G3  6ST,55.86612226,-4.26074854,16,MVS,16,4,small,1
Glasgow,G3  6TH,55.86590691,-4.26024056,16,MVS,16,4,small,1
Glasgow,G4  0HR,55.86790604,-4.2551301,19,MVS,7,1,small,1
Glasgow,G4  0HW,55.86721415,-4.25512195,19,MVS,7,1,small,1
Glasgow,G4  0HX,55.86825031,-4.25694023,19,MVS,7,1,small,1
Glasgow,G4  0LU,55.86669155,-4.25274214,19,MVS,7,1,large,1
Glasgow,G4  0BA,55.86729756,-4.25007606,19,MVS,7,1,large,1
Glasgow,G4  0DH,55.86894759,-4.25125843,18,MVS,1,2,large,1
Glasgow,G4  0HT,55.8685291,-4.25300841,18,MVS,1,2,small,1
Glasgow,G4  0HJ,55.86762099,-4.25548119,19,MVS,7,1,small,1
Glasgow,G4  0HY,55.86850207,-4.25791387,19,MVS,7,1,large,1
Glasgow,G4  0HZ,55.86956558,-4.25481073,19,MVS,7,1,small,1
Glasgow,G4  0JS,55.8690985,-4.25871573,19,MVS,7,1,small,1
Glasgow,G2  7NP,55.86050306,-4.26574354,18,MVS,46,2,small,1
Glasgow,G2  7PA,55.85975953,-4.26609974,18,MVS,46,2,small,1
Glasgow,G2  7PB,55.85984062,-4.26608849,18,MVS,46,2,small,1
Glasgow,G2  7PD,55.85996014,-4.26643103,18,MVS,46,2,small,1
Glasgow,G2  7PE,55.85981164,-4.26717346,18,MVS,46,2,small,1
Glasgow,G2  7PF,55.85987449,-4.26717712,18,MVS,46,2,small,1
Glasgow,G2  7PG,55.86010982,-4.26659956,18,MVS,46,2,small,1
Glasgow,G2  7PH,55.8604579,-4.2667317,18,MVS,46,2,small,1
Glasgow,G2  7PL,55.86001019,-4.2676165,18,MVS,46,2,small,1
Glasgow,G2  8EX,55.85865467,-4.26606736,18,MVS,46,2,large,1
Glasgow,G2  8LH,55.85946532,-4.26597075,18,MVS,46,2,small,1
Glasgow,G2  8NH,55.85945783,-4.2668652,18,MVS,46,2,small,1
Glasgow,G3  8AZ,55.85825495,-4.26922403,18,MVS,46,2,small,1
Glasgow,G3  8RR,55.86021521,-4.26868316,18,MVS,46,2,large,1
Glasgow,G3  8UE,55.86177544,-4.26741574,18,MVS,46,2,small,1
Glasgow,G2  6SE,55.86101085,-4.26208155,18,MVS,46,2,small,1
Glasgow,G2  7AB,55.85977182,-4.2634797,18,MVS,46,2,small,1
Glasgow,G2  7BW,55.86025121,-4.26429063,18,MVS,46,2,small,1
Glasgow,G2  7DA,55.86079555,-4.26254845,18,MVS,46,2,small,1
Glasgow,G2  7DJ,55.86079396,-4.26312367,18,MVS,46,2,large,1
Glasgow,G2  7DN,55.8608299,-4.26410058,18,MVS,46,2,small,1
Glasgow,G2  7HF,55.8598946,-4.26462144,18,MVS,46,2,small,1
Glasgow,G2  7LP,55.86008735,-4.26293874,18,MVS,46,2,small,1
Glasgow,G2  7NQ,55.86026035,-4.26477057,18,MVS,46,2,small,1
Glasgow,G2  3DH,55.86515673,-4.25802336,16,MVS,16,4,small,1
Glasgow,G2  3EE,55.86529957,-4.25905453,16,MVS,16,4,large,1
Glasgow,G2  3ER,55.86487486,-4.25966916,16,MVS,16,4,small,1
Glasgow,G2  3EW,55.86458907,-4.25810228,16,MVS,16,4,small,1
Glasgow,G2  4LW,55.86337599,-4.26688574,15,MVS,13,5,small,1
Glasgow,G2  4LY,55.86305161,-4.26693077,15,MVS,13,5,small,1
Glasgow,G2  5AD,55.86323941,-4.26941887,15,MVS,13,5,small,1
Glasgow,G2  5LD,55.86259507,-4.26926942,18,MVS,46,2,small,1
Glasgow,G2  7EA,55.86192964,-4.26489971,18,MVS,46,2,small,1
Glasgow,G2  7EL,55.86195305,-4.26509285,18,MVS,46,2,small,1
Glasgow,G2  7EQ,55.86134458,-4.26397072,18,MVS,46,2,small,1
Glasgow,G2  7JL,55.8616956,-4.2639432,18,MVS,46,2,large,1
Glasgow,G2  7JS,55.8616956,-4.2639432,18,MVS,46,2,small,1
Glasgow,G2  7JT,55.8616956,-4.2639432,18,MVS,46,2,large,1
Glasgow,G2  7QF,55.86195932,-4.26328734,18,MVS,46,2,small,1
Glasgow,G4  0LZ,55.86271454,-4.24463302,17,MVS,1,3,small,1
Glasgow,G1  1DJ,55.85944896,-4.24628233,18,MVS,16,2,small,1
Glasgow,G1  1DX,55.85940675,-4.24564069,18,MVS,16,2,small,1
Glasgow,G4  0NR,55.86254744,-4.24147506,17,MVS,1,3,large,1
Glasgow,G4  0QG,55.86269417,-4.23884659,17,MVS,1,3,small,1
Glasgow,G4  0QU,55.8628531,-4.2434424,17,MVS,1,3,large,1
Glasgow,G4  0RE,55.86288453,-4.24171822,17,MVS,1,3,small,1
Glasgow,G4  0RP,55.86230983,-4.239224,17,MVS,1,3,small,1
Glasgow,G1  5EN,55.85744179,-4.24742882,18,MVS,16,2,small,1
Glasgow,G1  5HD,55.85699529,-4.24677985,18,MVS,16,2,small,1
Glasgow,G1  5HF,55.85719203,-4.24830922,18,MVS,16,2,small,1
Glasgow,G1  5HY,55.85470157,-4.24885239,18,MVS,16,2,small,1
Glasgow,G1  5QH,55.85614897,-4.24735415,18,MVS,16,2,small,1
Glasgow,G1  1SS,55.85866059,-4.24663631,18,MVS,16,2,small,1
Glasgow,G1  1TF,55.8591173,-4.2467266,18,MVS,16,2,small,1
Glasgow,G1  5EP,55.85719555,-4.24565689,18,MVS,16,2,small,1
Glasgow,G1  5HB,55.85688796,-4.24576697,18,MVS,16,2,small,1
Glasgow,G1  5QN,55.85595682,-4.24606476,18,MVS,16,2,small,1
Glasgow,G1  5QP,55.85671726,-4.24674781,18,MVS,16,2,small,1
Glasgow,G1  5QT,55.85632713,-4.24694899,18,MVS,16,2,small,1
Glasgow,G1  5QZ,55.85674426,-4.24625403,18,MVS,16,2,small,1
Glasgow,G1  5RA,55.85620121,-4.24646236,18,MVS,16,2,small,1
Glasgow,G1  5RB,55.85549976,-4.24648578,18,MVS,16,2,small,1
Glasgow,G2  3HQ,55.86532647,-4.26394674,16,MVS,16,4,small,1
Glasgow,G2  3HW,55.86548473,-4.26560216,16,MVS,16,4,small,1
Glasgow,G2  3JA,55.86578229,-4.26408515,16,MVS,16,4,small,1
Glasgow,G2  4AF,55.8650632,-4.26506617,16,MVS,16,4,small,1
Glasgow,G2  4AP,55.86503966,-4.26536847,16,MVS,16,4,small,1
Glasgow,G2  4AT,55.86507969,-4.2651470399999996,16,MVS,16,4,small,1
Glasgow,G2  4DQ,55.86438091,-4.26600136,15,MVS,13,5,small,1
Glasgow,G2  4DT,55.86543218,-4.26503971,16,MVS,16,4,small,1
Glasgow,G2  4GZ,55.86470646,-4.26589246,15,MVS,13,5,small,1
Glasgow,G2  3HU,55.86569257,-4.26700476,16,MVS,16,4,small,1
Glasgow,G2  3JD,55.86606478,-4.26680269,15,MVS,13,5,small,1
Glasgow,G2  4ER,55.86510282,-4.26925588,15,MVS,13,5,small,1
Glasgow,G2  4HQ,55.86489369,-4.26743767,15,MVS,13,5,large,1
Glasgow,G2  4JL,55.86498965,-4.26710764,15,MVS,13,5,small,1
Glasgow,G2  4JN,55.86499524,-4.26875415,15,MVS,13,5,large,1
Glasgow,G2  4JR,55.86547651,-4.26897401,15,MVS,13,5,small,1
Glasgow,G2  4NB,55.86449601,-4.26658342,15,MVS,13,5,small,1
Glasgow,G2  4NE,55.86395117,-4.2678622,15,MVS,13,5,small,1
Glasgow,G2  4NJ,55.8640171,-4.26721078,15,MVS,13,5,small,1
Glasgow,G2  4NQ,55.86502716,-4.27043417,15,MVS,13,5,small,1
Glasgow,G2  4PB,55.86368683,-4.26854999,15,MVS,13,5,small,1
Glasgow,G2  4PG,55.86456637,-4.26861726,15,MVS,13,5,small,1
Glasgow,G2  4PP,55.86490398,-4.26980367,15,MVS,13,5,large,1
Glasgow,G2  4PR,55.86467865,-4.26983846,15,MVS,13,5,small,1
Glasgow,G2  4PS,55.86433544,-4.2689554,15,MVS,13,5,small,1
Glasgow,G2  4PT,55.86424228,-4.26864631,15,MVS,13,5,large,1
Glasgow,G2  4PZ,55.86400149,-4.27000672,15,MVS,13,5,large,1
Glasgow,G2  3DZ,55.86541987,-4.25984466,16,MVS,16,4,small,1
Glasgow,G2  3EF,55.86520235,-4.2599439,16,MVS,16,4,small,1
Glasgow,G2  3EH,55.8654546,-4.26235594,16,MVS,16,4,small,1
Glasgow,G2  3EQ,55.86542791,-4.26136347,16,MVS,16,4,small,1
Glasgow,G2  3EX,55.86493824,-4.26111125,16,MVS,16,4,small,1
Glasgow,G3  6QZ,55.86567425,-4.26067455,16,MVS,16,4,small,1
Glasgow,G3  6RB,55.86569062,-4.26125088,16,MVS,16,4,small,1
Glasgow,G3  6RG,55.86593118,-4.26283118,16,MVS,16,4,small,1
Glasgow,G1  5JG,55.8534828,-4.24718421,18,MVS,16,2,small,1
Glasgow,G1  5LU,55.85628813,-4.24613182,18,MVS,16,2,small,1
Glasgow,G1  5RJ,55.85617555,-4.24540628,18,MVS,16,2,small,1
Glasgow,G23 5QF,55.90290884,-4.2893818,15,MVS,0,5,small,1
Glasgow,G23 5LS,55.89934971,-4.28842021,18,MVS,0,2,small,1
Glasgow,G23 5LY,55.90415769,-4.29615883,19,MVS,0,1,small,1
Glasgow,G23 5NA,55.90529918,-4.29856218,19,MVS,0,1,small,1
Glasgow,G20 0HS,55.89692842,-4.29054898,19,MVS,0,1,small,1
Glasgow,G20 0DZ,55.89314107,-4.29701126,17,MVS,2,3,small,1
Glasgow,G20 0EZ,55.89525618,-4.29684839,19,MVS,0,1,small,1
Glasgow,G20 0HG,55.89409297,-4.2965717,19,MVS,0,1,small,1
Glasgow,G20 0JQ,55.89833305,-4.29619848,19,MVS,0,1,small,1
Glasgow,G20 0DF,55.89507731,-4.29824537,17,MVS,2,3,small,1
Glasgow,G20 0HD,55.89513175,-4.29773675,17,MVS,2,3,small,1
Glasgow,G22 7BX,55.89689059,-4.24233622,19,MVS,1,1,small,1
Glasgow,G22 7QL,55.89738413,-4.24188484,19,MVS,1,1,small,1
Glasgow,G22 7QX,55.89688881,-4.24539125,19,MVS,0,1,small,1
Glasgow,G22 7BT,55.89759919,-4.23994577,19,MVS,1,1,small,1
Glasgow,G22 7EU,55.90103048,-4.24350301,19,MVS,0,1,small,1
Glasgow,G22 7LT,55.90190355,-4.2508163,19,MVS,0,1,small,1
Glasgow,G22 7LU,55.90154627,-4.24823602,19,MVS,0,1,small,1
Glasgow,G22 7LX,55.90177167,-4.24770515,19,MVS,0,1,small,1
Glasgow,G22 7LZ,55.90118509,-4.24635944,19,MVS,0,1,small,1
Glasgow,G22 7PT,55.90117104,-4.25450122,19,MVS,0,1,small,1
Glasgow,G22 7PY,55.90099302,-4.25244325,19,MVS,0,1,small,1
Glasgow,G22 7XT,55.89804437,-4.25739101,19,MVS,0,1,small,1
Glasgow,G22 7DW,55.89706787,-4.25966962,17,MVS,0,3,small,1
Glasgow,G22 7XS,55.89627729,-4.26063135,17,MVS,0,3,small,1
Glasgow,G23 5AL,55.89776117,-4.27909698,18,MVS,0,2,small,1
Glasgow,G23 5AU,55.89836727,-4.28276367,18,NA,0,2,small,6
Glasgow,G23 5AY,55.89895988,-4.28327838,18,NA,0,2,small,6
Glasgow,G23 5LA,55.8983126,-4.28328833,28,MVS,0,2,small,6
Glasgow,G22 7JT,55.90015448,-4.2530825,17,MVS,0,3,small,1
Glasgow,G5  8NG,55.8539729,-4.27236165,16,MVS,4,4,small,1
Glasgow,G51 1LF,55.85349766,-4.27958778,16,MVS,4,4,small,1
Glasgow,G51 2BG,55.85949782,-4.3029349,19,MVS,1,1,small,1
Glasgow,G51 2BW,55.85931673,-4.30156586,19,MVS,1,1,small,1
Glasgow,G51 2NT,55.85778359,-4.29992515,19,MVS,1,1,small,1
Glasgow,G51 2NW,55.85832169,-4.30094771,19,MVS,1,1,small,1
Glasgow,G51 2QH,55.85762101,-4.29852532,19,MVS,1,1,small,1
Glasgow,G51 2QJ,55.85664703,-4.3001456,19,MVS,11,1,small,1
Glasgow,G52 1EQ,55.84824629,-4.31771767,17,MVS,12,3,small,1
Glasgow,G53 6AG,55.8217907,-4.34216654,19,MVS,0,1,small,1
Glasgow,G53 6QW,55.81695339,-4.34179598,19,MVS,0,1,small,1
Glasgow,G51 1HJ,55.85390038,-4.29177058,19,MVS,11,1,small,1
Glasgow,G51 1NW,55.85149613,-4.28912062,15,MVS,15,5,small,1
Glasgow,G5  8AW,55.85320289,-4.26538242,18,MVS,4,2,large,1
Glasgow,G5  8EG,55.85472485,-4.26521537,18,MVS,4,2,small,1
Glasgow,G5  8LP,55.85376128,-4.26531906,18,MVS,4,2,small,1
Glasgow,G5  8BJ,55.85394015,-4.26243748,18,MVS,4,2,small,1
Glasgow,G5  8DZ,55.85302898,-4.26262417,18,MVS,4,2,small,1
Glasgow,G5  8EJ,55.85348219,-4.2638808,18,MVS,4,2,small,1
Glasgow,G52 4JZ,55.8555772,-4.3613451,17,MVS,7,3,small,1
Glasgow,G41 5AB,55.84590748,-4.27887172,18,MVS,0,2,small,1
Glasgow,G51 4BZ,55.86755871,-4.3335094,18,MVS,1,2,small,1
Glasgow,G51 4RE,55.8646587,-4.33335142,18,MVS,1,2,small,1
Glasgow,G51 1DG,55.85365501,-4.2948079,19,MVS,11,1,small,1
Glasgow,G51 1LX,55.85178121,-4.29311568,15,MVS,15,5,small,1
Glasgow,G51 4LS,55.86241156,-4.34470744,17,MVS,7,3,large,1
Glasgow,G51 4SD,55.86477982,-4.35247391,17,MVS,7,3,large,1
Glasgow,G51 4SJ,55.8606921,-4.35238655,17,MVS,7,3,small,1
Glasgow,G51 4SP,55.8672167,-4.3472348,17,MVS,7,3,small,1
Glasgow,G51 4TE,55.86495264,-4.33680532,17,MVS,7,3,small,1
Glasgow,G51 4TH,55.86416937,-4.34914462,17,MVS,7,3,small,1
Glasgow,G51 4FD,55.85968491,-4.35053582,17,MVS,7,3,small,1
Glasgow,G51 4FE,55.86036488,-4.35351738,17,MVS,7,3,small,1
Glasgow,G51 2JR,55.85483575,-4.30951372,19,MVS,1,1,small,1
Glasgow,G51 2LU,55.85401152,-4.31176565,19,MVS,1,1,large,1
Glasgow,G51 2YU,55.85324115,-4.31354135,19,MVS,1,1,small,1
Glasgow,G51 2JQ,55.85519956,-4.31167644,19,MVS,1,1,small,1
Glasgow,G51 2EP,55.85711042,-4.30515854,19,MVS,1,1,small,1
Glasgow,G51 2ES,55.85561056,-4.30558101,19,MVS,1,1,small,1
Glasgow,G51 2RL,55.85604087,-4.30803529,19,MVS,1,1,small,1
Glasgow,G51 2RP,55.85601335,-4.30518942,19,MVS,1,1,small,1
Glasgow,G51 2RQ,55.85549501,-4.30934513,19,MVS,1,1,small,1
Glasgow,G51 1RN,55.85075127,-4.30494165,16,MVS,4,4,small,1
Glasgow,G41 1AR,55.84435091,-4.26729533,16,MVS,0,4,small,1
Glasgow,G41 1AT,55.84460741,-4.2655691,16,MVS,0,4,small,1
Glasgow,G41 1BE,55.84436502,-4.2665294,16,MVS,0,4,small,1
Glasgow,G41 2SJ,55.84178913,-4.26974972,15,MVS,1,5,small,1
Glasgow,G41 2SS,55.84218414,-4.27074711,15,MVS,1,5,small,1
Glasgow,G41 2SE,55.84290518,-4.26917585,15,MVS,1,5,small,1
Glasgow,G51 2BN,55.86076789,-4.30566289,19,MVS,1,1,small,1
Glasgow,G51 4ET,55.85665346,-4.336994,16,MVS,0,4,small,1
Glasgow,G53 6EG,55.8176502,-4.35987642,19,MVS,0,1,small,1
Glasgow,G41 1DY,55.85157096,-4.28364492,16,MVS,4,4,small,1
Glasgow,G41 1EE,55.85138255,-4.28265927,16,MVS,4,4,small,1
Glasgow,G41 1EJ,55.85156467,-4.28204685,16,MVS,4,4,small,1
Glasgow,G41 1HP,55.85301797,-4.27831344,16,MVS,4,4,small,1
Glasgow,G41 1HU,55.85284731,-4.27927807,16,MVS,4,4,small,1
Glasgow,G41 1HW,55.85317889,-4.27932945,16,MVS,4,4,small,1
Glasgow,G41 1JA,55.85305844,-4.28000943,16,MVS,4,4,small,1
Glasgow,G41 1JB,55.85263303,-4.28065555,16,MVS,4,4,small,1
Glasgow,G51 3LX,55.86190761,-4.31627811,19,MVS,2,1,small,1
Glasgow,G51 3SF,55.86048319,-4.3160335,19,MVS,2,1,small,1
Glasgow,G51 2RG,55.85513414,-4.30510538,19,MVS,11,1,small,1
Glasgow,G5  8JN,55.85088321,-4.26494385,18,MVS,4,2,small,1
Glasgow,G5  8NB,55.84959678,-4.26793639,18,MVS,4,2,small,1
Glasgow,G5  8NX,55.85018372,-4.2692487,18,MVS,4,2,large,1
Glasgow,G5  8PH,55.84974041,-4.26989385,18,MVS,4,2,small,1
Glasgow,G5  8PL,55.84973775,-4.27101203,18,MVS,4,2,small,1
Glasgow,G5  8QB,55.84955295,-4.27371718,18,MVS,4,2,small,1
Glasgow,G5  8QF,55.85000706,-4.27540524,16,MVS,4,4,small,1
Glasgow,G5  8BG,55.85220116,-4.2641418,18,MVS,4,2,small,1
Glasgow,G5  8EP,55.85220642,-4.26043541,18,MVS,4,2,small,1
Glasgow,G5  8JD,55.84669789,-4.26430095,18,MVS,4,2,small,1
Glasgow,G51 2SN,55.85337422,-4.30405845,19,MVS,11,1,small,1
Glasgow,G51 2ST,55.85338411,-4.30496977,19,MVS,11,1,small,1
Glasgow,G51 1DB,55.8562627,-4.28943297,19,MVS,11,1,small,1
Glasgow,G51 1DZ,55.8562565,-4.29555253,19,MVS,11,1,small,1
Glasgow,G41 5AL,55.84525157,-4.30394508,18,MVS,0,2,small,1
Glasgow,G41 5AU,55.84373437,-4.30673058,18,MVS,17,2,small,1
Glasgow,G41 5BJ,55.84576148,-4.30311263,16,MVS,4,4,small,1
Glasgow,G41 5BT,55.84677688,-4.30743805,16,MVS,4,4,small,1
Glasgow,G41 5BW,55.84736589,-4.31387908,17,MVS,12,3,small,1
Glasgow,G41 5BZ,55.84636479,-4.30353172,16,MVS,4,4,small,1
Glasgow,G41 5LD,55.84554875,-4.30679017,16,MVS,4,4,small,1
Glasgow,G41 5LJ,55.8454347,-4.30951506,18,MVS,17,2,small,1
Glasgow,G41 5LN,55.84473951,-4.31016071,18,MVS,17,2,small,1
Glasgow,G41 5LP,55.84489845,-4.30887622,18,MVS,17,2,small,1
Glasgow,G41 5LQ,55.84559303,-4.30778322,18,MVS,17,2,small,1
Glasgow,G43 1AU,55.82259749,-4.31857047,17,MVS,6,3,small,1
Glasgow,G43 1AY,55.82376435,-4.32721351,17,MVS,6,3,small,1
Glasgow,G43 1AF,55.82035001,-4.33427335,19,MVS,0,1,small,1
Glasgow,G43 1AG,55.82053683,-4.33248057,19,MVS,0,1,small,1
Glasgow,G43 1AJ,55.81983022,-4.33135271,19,MVS,0,1,small,1
Glasgow,G43 1AN,55.81916253,-4.33575072,19,MVS,0,1,small,1
Glasgow,G43 1AR,55.82158464,-4.33030821,19,MVS,0,1,small,1
Glasgow,G43 1AW,55.82086837,-4.3311115,19,MVS,0,1,small,1
Glasgow,G43 1AX,55.82163872,-4.33077443,19,MVS,0,1,small,1
Glasgow,G43 1AZ,55.81792084,-4.33203664,17,MVS,6,3,small,1
Glasgow,G43 1DR,55.82127147,-4.33260437,19,MVS,0,1,small,1
Glasgow,G43 1DX,55.82092578,-4.33424399,19,MVS,0,1,small,1
Glasgow,G43 1DY,55.82194962,-4.33238953,19,MVS,0,1,small,1
Glasgow,G51 1LG,55.85336053,-4.28068221,16,MVS,4,4,small,1
Glasgow,G51 2XW,55.85035195,-4.31185183,17,MVS,1,3,small,1
Glasgow,G51 3EQ,55.85740571,-4.3214751,19,MVS,2,1,large,1
Glasgow,G51 3HD,55.85653878,-4.31549512,19,MVS,2,1,small,1
Glasgow,G51 3AD,55.8536752,-4.31912749,19,MVS,2,1,small,1
Glasgow,G51 3HF,55.85248816,-4.31820994,19,MVS,2,1,small,1
Glasgow,G51 3HH,55.85346886,-4.31767718,19,MVS,2,1,large,1
Glasgow,G51 3HR,55.85204625,-4.32019676,19,MVS,2,1,small,1
Glasgow,G51 3JW,55.86276855,-4.31207824,19,MVS,0,1,small,1
Glasgow,G53 7HL,55.79766274,-4.34242443,27,MVS,1,3,small,6
Glasgow,G53 7HR,55.79749877,-4.34442491,17,NA,1,3,small,6
Glasgow,G53 7PT,55.79754443,-4.34579979,17,NA,1,3,small,6
Glasgow,G53 7QL,55.79807026,-4.34367746,17,NA,1,3,small,6
Glasgow,G53 7RJ,55.80287331,-4.33924282,17,NA,1,3,small,6
Glasgow,G53 7YU,55.79733869,-4.33773016,17,NA,1,3,small,6
Glasgow,G53 7YY,55.79764369,-4.33870574,27,MVS,1,3,small,6
Glasgow,G53 7YZ,55.79737982,-4.33840273,27,MVS,1,3,small,6
Glasgow,G53 7QS,55.81142648,-4.35118401,17,MVS,1,3,small,1
Glasgow,G53 7SD,55.81055831,-4.34958348,17,MVS,1,3,small,1
Glasgow,G53 7SP,55.81068921,-4.34743671,17,MVS,1,3,small,1
Dundee,DD2 3UU,56.48794976,-3.02237079,18,MVS,0,2,small,1
Dundee,DD3 6QY,56.47247917,-2.98335276,18,MVS,0,2,small,1
Dundee,DD3 7DS,56.47784771,-2.97133143,17,MVS,0,3,small,1
Dundee,DD3 7JQ,56.47375423,-2.97203853,19,MVS,0,1,small,1
Dundee,DD2 3JP,56.47887621,-3.01350558,19,MVS,5,1,small,1
Dundee,DD2 3QH,56.47858947,-3.01010469,19,MVS,5,1,small,1
Dundee,DD2 3QN,56.47971185,-3.01349539,19,MVS,5,1,small,1
Dundee,DD2 3WT,56.48130368,-3.01550248,19,MVS,5,1,small,1
Dundee,DD2 3QA,56.4794998,-3.00309869,19,MVS,5,1,small,1
Dundee,DD2 3SQ,56.4813492,-3.02199841,18,MVS,1,2,small,1
Dundee,DD2 3SP,56.48578401,-3.0213382,18,MVS,1,2,small,1
Dundee,DD2 3SU,56.48558769,-3.01569813,18,MVS,1,2,small,1
Dundee,DD2 3QU,56.48511515,-3.01635128,18,MVS,1,2,small,1
Dundee,DD2 3SN,56.48506313,-3.01831473,18,MVS,1,2,small,1
Dundee,DD3 7HE,56.47076002,-2.97348782,19,MVS,0,1,small,1
Dundee,DD3 7AJ,56.46956795,-2.97082777,19,MVS,0,1,small,1
Dundee,DD3 6RL,56.47231324,-2.97933895,19,MVS,0,1,small,1
Dundee,DD1 1DU,56.46316592,-2.97147582,17,MVS,2,3,small,1
Dundee,DD1 1EF,56.46404762,-2.97131982,17,MVS,2,3,small,1
Dundee,DD1 2AB,56.46210372,-2.96943636,18,MVS,2,2,small,1
Dundee,DD1 2AF,56.46235182,-2.96988086,18,MVS,2,2,small,1
Dundee,DD1 2AJ,56.4621323,-2.97037834,17,MVS,2,3,small,1
Dundee,DD1 2AP,56.4618856,-2.96975537,17,MVS,2,3,small,1
Dundee,DD1 1ND,56.46169292,-2.97599837,17,MVS,2,3,small,1
Dundee,DD1 1NG,56.46169619,-2.97786471,17,MVS,2,3,small,1
Dundee,DD1 1AF,56.46024078,-2.97557165,17,MVS,2,3,large,1
Dundee,DD1 1EX,56.46242217,-2.9758061,17,MVS,2,3,small,1
Dundee,DD1 1LS,56.46025951,-2.97547476,17,MVS,2,3,large,1
Dundee,DD1 1LX,56.46156672,-2.97490783,17,MVS,2,3,small,1
Dundee,DD1 1PS,56.46103131,-2.97672788,17,MVS,2,3,small,1
Dundee,DD1 1PZ,56.46038792,-2.97742539,17,MVS,2,3,small,1
Dundee,DD1 1QB,56.46137916,-2.97590918,17,MVS,2,3,large,1
Dundee,DD1 1QE,56.46024078,-2.97557165,17,MVS,2,3,large,1
Dundee,DD1 1UF,56.46010066,-2.97167342,17,MVS,2,3,small,1
Dundee,DD1 1DD,56.462131,-2.97169282,17,MVS,2,3,small,1
Dundee,DD1 1DH,56.46178449,-2.97119712,17,MVS,2,3,small,1
Dundee,DD1 1SG,56.46098251,-2.97034902,17,MVS,2,3,small,1
Dundee,DD1 1TF,56.46182813,-2.97136052,17,MVS,2,3,large,1
Dundee,DD1 1SD,56.46125037,-2.96941462,17,MVS,2,3,small,1
Dundee,DD1 3BA,56.46040954,-2.96893881,17,MVS,2,3,small,1
Dundee,DD1 3BG,56.46035653,-2.96882387,17,MVS,2,3,large,1
Dundee,DD1 2AZ,56.46240332,-2.96903828,18,MVS,2,2,small,1
Dundee,DD1 2BE,56.46318393,-2.96917177,18,MVS,2,2,small,1
Dundee,DD1 2BG,56.46313598,-2.96956004,18,MVS,2,2,small,1
Dundee,DD1 2EY,56.4638255,-2.96639669,18,MVS,2,2,small,1
Dundee,DD1 1SZ,56.46017585,-2.97010125,17,MVS,2,3,small,1
Dundee,DD1 3AJ,56.46001669,-2.96977264,17,MVS,2,3,small,1
Dundee,DD1 3BS,56.46017711,-2.96993901,17,MVS,2,3,large,1
Dundee,DD1 2JY,56.46550648,-2.96397245,18,MVS,1,2,small,1
Dundee,DD4 6AD,56.4656442,-2.96243409,18,MVS,1,2,small,1
Dundee,DD4 6AT,56.46507026,-2.96113742,18,MVS,1,2,small,1
Dundee,DD4 6AY,56.46505418,-2.96089356,18,MVS,1,2,small,1
Dundee,DD4 6BY,56.46587229,-2.96198542,18,MVS,1,2,small,1
Dundee,DD4 6DN,56.46671642,-2.95971827,18,MVS,1,2,small,1
Dundee,DD1 3JX,56.46544096,-2.95150622,16,MVS,1,4,small,1
Dundee,DD1 3JZ,56.46543521,-2.9510841,16,MVS,1,4,large,1
Dundee,DD4 6JE,56.46675361,-2.94668616,19,MVS,0,1,small,1
Dundee,DD4 6JP,56.46652287,-2.95101392,19,MVS,0,1,small,1
Dundee,DD1 3JS,56.46461069,-2.96015203,16,MVS,1,4,small,1
Dundee,DD4 6DR,56.46721305,-2.96055857,19,MVS,0,1,small,1
Dundee,DD4 6DT,56.46751054,-2.95926762,19,MVS,0,1,small,1
Dundee,DD2 3LJ,56.47629816,-3.00570917,19,MVS,5,1,small,1
Dundee,DD2 3NY,56.47691052,-3.0022024,19,MVS,5,1,small,1
Dundee,DD2 3PT,56.47700589,-3.00040284,19,MVS,5,1,small,1
Dundee,DD2 3XN,56.47392251,-3.00506193,15,MVS,2,5,small,1
Dundee,DD2 4TD,56.47760067,-3.03740229,17,MVS,4,3,small,1
Dundee,DD2 5JX,56.47351195,-3.06087804,22,MVS,20,8,small,6
Dundee,DD2 1FA,56.46041016,-3.03669005,16,MVS,2,4,small,1
Dundee,DD2 1GZ,56.4640189,-3.04134888,16,MVS,2,4,small,1
Dundee,DD2 1NH,56.46343427,-3.04569853,16,MVS,2,4,small,1
Dundee,DD2 1UA,56.46134109,-3.0371049,16,MVS,2,4,small,1
Dundee,DD1 1AD,56.46241068,-2.97726639,17,MVS,2,3,small,1
Dundee,DD2 2LJ,56.46383143,-2.99296413,18,MVS,0,2,small,1
Dundee,DD1 5PA,56.46029024,-2.99087568,17,MVS,0,3,large,1
Dundee,DD3 6PP,56.47011021,-2.97614945,19,MVS,0,1,small,1
Dundee,DD3 7AL,56.46940007,-2.97390749,19,MVS,0,1,small,1
Dundee,DD3 7AW,56.46869591,-2.97319151,19,MVS,0,1,small,1
Dundee,DD3 7DL,56.46851507,-2.97104436,19,MVS,0,1,small,1
Dundee,DD5 4UA,56.48970148,-2.82831503,22,MVS,29,8,small,6
Dundee,DD4 9FG,56.49444705,-2.96028869,17,MVS,15,3,small,1
Dundee,DD4 9FH,56.49507502,-2.9592488,17,MVS,15,3,small,1
Dundee,DD4 9FL,56.49574199,-2.95897327,17,MVS,15,3,small,1
Dundee,DD4 9FS,56.49041504,-2.95770199,19,MVS,0,1,small,1
Dundee,DD4 9RP,56.49474579,-2.95883442,17,MVS,15,3,small,1
Dundee,DD4 9UA,56.49081383,-2.95491863,17,MVS,15,3,small,1
Dundee,DD4 9RA,56.49591151,-2.9556315,23,MVS,9,7,small,6
Dundee,DD4 9UB,56.49326586,-2.95501274,17,MVS,15,3,small,1
Dundee,DD4 7HG,56.47723581,-2.9339917,19,MVS,3,1,large,1
Dundee,DD4 7RH,56.47543601,-2.9355709,19,MVS,3,1,small,1
Dundee,DD4 7RN,56.47593452,-2.93618384,19,MVS,3,1,large,1
Dundee,DD4 8ED,56.4781194,-2.94071858,19,MVS,3,1,small,1
Dundee,DD4 8SL,56.47736625,-2.93694967,19,MVS,3,1,large,1
Dundee,DD4 0LS,56.49132085,-2.91502747,16,MVS,0,4,small,1
Dundee,DD4 0NN,56.49042341,-2.91489217,19,MVS,0,1,small,1
Dundee,DD4 8NJ,56.47790845,-2.92092269,19,MVS,0,1,large,1
Dundee,DD4 9RD,56.49334374,-2.95889649,17,MVS,15,3,small,1
Dundee,DD4 0SX,56.4888701,-2.928074,19,MVS,1,1,small,1
Dundee,DD1 3LW,56.46573793,-2.93964952,16,MVS,1,4,small,1
Dundee,DD1 3NA,56.46626866,-2.92882085,16,MVS,1,4,small,1
Dundee,DD4 7NL,56.46831643,-2.9216805,16,MVS,1,4,small,1
Dundee,DD4 7UL,56.46915822,-2.92325912,16,MVS,1,4,small,1
Dundee,DD4 0JX,56.4831723,-2.91984865,19,MVS,1,1,small,1
Dundee,DD4 7RW,56.4774181,-2.93125247,19,MVS,3,1,small,1
Dundee,DD4 8JX,56.47990155,-2.92353626,19,MVS,3,1,small,1
Dundee,DD4 7FF,56.47654345,-2.93287074,19,MVS,3,1,small,1
Dundee,DD4 0SY,56.49446869,-2.90846021,23,MVS,9,7,small,6
Dundee,DD4 8PF,56.47935833,-2.91925305,19,MVS,0,1,small,1
Dundee,DD4 8BG,56.48535565,-2.94731184,19,MVS,0,1,small,1
Dundee,DD4 0HU,56.48963315,-2.91727669,16,MVS,0,4,small,1
Dundee,DD4 0RN,56.49009459,-2.91926915,16,MVS,0,4,small,1
Dundee,DD4 9BT,56.4888764,-2.95098861,19,MVS,0,1,small,1
Dundee,DD4 0BR,56.48704693,-2.91831852,19,MVS,0,1,small,1
Dundee,DD4 0FE,56.48813171,-2.91741908,19,MVS,0,1,small,1
Dundee,DD4 0FG,56.48757271,-2.9188996,19,MVS,17,1,small,1
Dundee,DD4 0AE,56.48709002,-2.9124735,19,MVS,17,1,small,1
Dundee,DD4 0FF,56.48799937,-2.91587314,19,MVS,0,1,small,1
Dundee,DD4 0JP,56.48709646,-2.91159675,19,MVS,17,1,small,1
Dundee,DD4 0ND,56.48841661,-2.9128951,19,MVS,0,1,small,1
Dundee,DD4 0NT,56.48646209,-2.90620649,19,MVS,17,1,small,1
Dundee,DD4 0NX,56.48574444,-2.91463339,19,MVS,1,1,small,1
Dundee,DD4 0ST,56.48836701,-2.91230929,19,MVS,17,1,small,1
Dundee,DD4 0SU,56.48768325,-2.91243903,19,MVS,17,1,small,1
Dundee,DD4 0SW,56.48651655,-2.91226487,19,MVS,17,1,small,1
